SYMBOL,NAME OF COMPANY,SERIES,DATE OF LISTING,PAID UP VALUE,MARKET LOT,ISIN NUMBER,FACE VALUE,IPO_YEAR
20MICRONS,20 Microns Limited,EQ,2008-10-06,5,1,INE144J01027,5,2008
21STCENMGM,21st Century Management Services Limited,EQ,1995-05-03,10,1,INE253B01015,10,1995
360ONE,360 ONE WAM LIMITED,EQ,2019-09-19,1,1,INE466L01038,1,2019
3BBLACKBIO,3B Blackbio Dx Limited,EQ,2026-04-20,10,1,INE994E01018,10,2026
3IINFOLTD,3i Infotech Limited,BE,2021-10-22,10,1,INE748C01038,10,2021
3MINDIA,3M India Limited,EQ,2004-08-13,10,1,INE470A01017,10,2004
3PLAND,3P Land Holdings Limited,EQ,1995-07-19,2,1,INE105C01023,2,1995
5PAISA,5Paisa Capital Limited,EQ,2017-11-16,10,1,INE618L01018,10,2017
63MOONS,63 moons technologies limited,EQ,2005-06-20,2,1,INE111B01023,2,2005
A2ZINFRA,A2Z Infra Engineering Limited,EQ,2010-12-23,10,1,INE619I01012,10,2010
AAATECH,AAA Technologies Limited,EQ,2022-11-28,10,1,INE0D0U01013,10,2022
AADHARHFC,Aadhar Housing Finance Limited,EQ,2024-05-15,10,1,INE883F01010,10,2024
AAKASH,Aakash Exploration Services Limited,EQ,2020-09-29,1,1,INE087Z01024,1,2020
AAREYDRUGS,Aarey Drugs & Pharmaceuticals Limited,EQ,2021-08-06,10,1,INE198H01019,10,2021
AARNAV,Aarnav Fashions Limited,BE,2026-02-25,10,1,INE750R01016,10,2026
AARON,Aaron Industries Limited,EQ,2020-11-06,10,1,INE721Z01010,10,2020
AARTECH,Aartech Solonics Limited,BE,2023-07-10,5,1,INE01C001026,5,2023
AARTIDRUGS,Aarti Drugs Limited,EQ,2003-09-19,10,1,INE767A01016,10,2003
AARTIIND,Aarti Industries Limited,EQ,1995-02-08,5,1,INE769A01020,5,1995
AARTIPHARM,Aarti Pharmalabs Limited,EQ,2023-01-30,5,1,INE0LRU01027,5,2023
AARTISURF,Aarti Surfactants Limited,BE,2020-07-14,10,1,INE09EO01013,10,2020
AARVI,Aarvi Encon Limited,EQ,2020-06-24,10,1,INE754X01016,10,2020
AASTHA,Aastha Spintex Limited,EQ,2026-07-06,10,1,INE2FMX01012,10,2026
AAVAS,Aavas Financiers Limited,EQ,2018-10-08,10,1,INE216P01012,10,2018
ABAN,Aban Offshore Limited,BE,1995-03-29,2,1,INE421A01028,2,1995
ABANSENT,Abans Enterprises Limited,EQ,2026-04-20,2,1,INE365O01028,2,2026
ABB,ABB India Limited,EQ,1995-02-08,2,1,INE117A01022,2,1995
ABBOTINDIA,Abbott India Limited,EQ,2010-01-08,10,1,INE358A01014,10,2010
ABCAPITAL,Aditya Birla Capital Limited,EQ,2017-09-01,10,1,INE674K01013,10,2017
ABCOTS,A B Cotspin India Limited,EQ,2025-09-24,10,1,INE08PH01015,10,2025
ABDL,Allied Blenders and Distillers Limited,EQ,2024-07-02,2,1,INE552Z01027,2,2024
ABFRL,Aditya Birla Fashion and Retail Limited,EQ,2013-07-17,10,1,INE647O01011,10,2013
ABINFRA,A B Infrabuild Limited,BE,2024-11-08,1,1,INE00YB01025,1,2024
ABLBL,Aditya Birla Lifestyle Brands Limited,EQ,2025-06-23,10,1,INE14LE01019,10,2025
ABMINTLLTD,ABM International Limited,BE,2021-09-09,10,1,INE251C01025,10,2021
ABMKNO,ABM Knowledgeware Limited,EQ,2026-04-20,5,1,INE850B01026,5,2026
ABREL,Aditya Birla Real Estate Limited,EQ,2003-06-27,10,1,INE055A01016,10,2003
ABSLAMC,Aditya Birla Sun Life AMC Limited,EQ,2021-10-11,5,1,INE404A01024,5,2021
ACC,ACC Limited,EQ,1996-11-20,10,1,INE012A01025,10,1996
ACCELYA,Accelya Solutions India Limited,EQ,1999-12-01,10,1,INE793A01012,10,1999
ACCURACY,Accuracy Shipping Limited,BE,2020-12-11,1,1,INE648Z01023,1,2020
ACE,Action Construction Equipment Limited,EQ,2006-09-26,2,1,INE731H01025,2,2006
ACEINTEG,Ace Integrated Solutions Limited,EQ,2022-11-04,10,1,INE543V01017,10,2022
ACGL,Automobile Corporation of Goa Limited,EQ,2026-08-17,10,1,INE451C01013,10,2026
ACI,Archean Chemical Industries Limited,EQ,2022-11-21,2,1,INE128X01021,2,2022
ACL,Andhra Cements Limited,EQ,2023-05-10,10,1,INE666E01020,10,2023
ACMESOLAR,Acme Solar Holdings Limited,EQ,2024-11-13,2,1,INE622W01025,2,2024
ACSTECH,ACS Technologies Limited,BE,2026-04-20,10,1,INE366C01021,10,2026
ACUTAAS,Acutaas Chemicals Limited,EQ,2021-09-14,5,1,INE00FF01025,5,2021
ADANIENSOL,Adani Energy Solutions Limited,EQ,2015-07-31,10,1,INE931S01010,10,2015
ADANIENT,Adani Enterprises Limited,EQ,1997-06-04,1,1,INE423A01024,1,1997
ADANIGREEN,Adani Green Energy Limited,EQ,2018-06-18,10,1,INE364U01010,10,2018
ADANIPORTS,Adani Ports and Special Economic Zone Limited,EQ,2007-11-27,2,1,INE742F01042,2,2007
ADANIPOWER,Adani Power Limited,EQ,2009-08-20,2,1,INE814H01029,2,2009
ADDIND,Addi Industries Limited,EQ,2026-08-17,5,1,INE757C01021,5,2026
ADFFOODS,ADF Foods Limited,EQ,2010-09-15,2,1,INE982B01027,2,2010
ADL,Archidply Decor Limited,EQ,2020-10-01,10,1,INE0CHO01012,10,2020
ADOR,Ador Welding Limited,EQ,1995-05-10,10,1,INE045A01017,10,1995
ADROITIND,Adroit Industries (India) Limited,BE,2026-09-30,10,1,INE505M01015,10,2026
ADROITINFO,Adroit Infotech Limited,BE,1997-08-13,10,1,INE737B01033,10,1997
ADSL,Allied Digital Services Limited,EQ,2007-07-25,5,1,INE102I01027,5,2007
ADVAIT,Advait Energy Transitions Limited,EQ,2026-01-20,10,1,INE0ALI01010,10,2026
ADVANCE,Advance Agrolife Limited,EQ,2025-10-08,10,1,INE1B0W01010,10,2025
ADVANIHOTR,Advani Hotels & Resorts (India) Limited,EQ,2007-06-25,2,1,INE199C01026,2,2007
ADVENTHTL,Advent Hotels International Limited,EQ,2025-11-13,10,1,INE28GN01010,10,2025
ADVENZYMES,Advanced Enzyme Technologies Limited,EQ,2016-08-01,2,1,INE837H01020,2,2016
ADVIKCA,Advik Capital Limited,EQ,2026-08-17,1,1,INE178T01024,1,2026
AEGISLOG,Aegis Logistics Limited,EQ,1996-04-03,1,1,INE208C01025,1,1996
AEGISVOPAK,Aegis Vopak Terminals Limited,EQ,2025-06-02,10,1,INE0INX01018,10,2025
AEPL,Artemis Electricals and Projects Limited,EQ,2026-03-12,1,1,INE757T01025,1,2026
AEQUS,Aequs Limited,EQ,2025-12-10,10,1,INE947N01017,10,2025
AEROENTER,Aeroflex Enterprises Limited,EQ,2022-11-21,2,1,INE065D01027,2,2022
AEROFLEX,Aeroflex Industries Limited,EQ,2023-08-31,2,1,INE024001021,2,2023
AERONEU,Aeroflex Neu Limited,EQ,2023-01-12,10,1,INE035801013,10,2023
AEROPLANE,Amir Chand Jagdish Kumar (Exports) Limited,EQ,2026-04-02,10,1,INE05TO01019,10,2026
AETHER,Aether Industries Limited,EQ,2022-06-03,10,1,INE0BWX01014,10,2022
AFCONS,Afcons Infrastructure Limited,EQ,2024-11-04,10,1,INE101I01011,10,2024
AFFLE,Affle 3i Limited,EQ,2019-08-08,2,1,INE00WC01027,2,2019
AFFORDABLE,Affordable Robotic & Automation Limited,EQ,2024-10-23,10,1,INE692Z01013,10,2024
AFIL,Akme Fintrade (India) Limited,EQ,2024-06-26,1,1,INE916Y01027,1,2024
AFSL,Abans Financial Services Limited,EQ,2022-12-23,2,1,INE00ZE01026,2,2022
AGARIND,Agarwal Industrial Corporation Limited,EQ,2014-05-26,10,1,INE204E01012,10,2014
AGARWALEYE,Dr. Agarwal's Health Care Limited,EQ,2025-02-04,1,1,INE943P01029,1,2025
AGASTYAEN,Agastya Energy and Infrastructure Limited,BE,2019-07-15,10,1,INE753W01010,10,2019
AGI,AGI Greenpac Limited,EQ,2000-05-31,2,1,INE415A01038,2,2000
AGIIL,Agi Infra Limited,EQ,2024-07-15,1,1,INE976R01033,1,2024
AGL,Allcargo Global Limited,EQ,2026-07-03,2,1,INE1YPB01014,2,2026
AGRITECH,Agri-Tech (India) Limited,EQ,2014-01-28,10,1,INE449G01018,10,2014
AGROPHOS,Agro Phos India Limited,EQ,2019-03-08,10,1,INE740V01019,10,2019
AGSTRA,AGS Transact Technologies Limited,BZ,2022-01-31,10,1,INE583L01014,10,2022
AHCL,Anlon Healthcare Limited,EQ,2025-09-03,2,1,INE0Y8W01025,2,2025
AHLADA,Ahlada Engineers Limited,EQ,2021-01-28,10,1,INE00PV01013,10,2021
AHLEAST,Asian Hotels (East) Limited,EQ,2010-08-11,10,1,INE926K01017,10,2010
AHLUCONT,Ahluwalia Contracts (India) Limited,EQ,2009-12-14,2,1,INE758C01029,2,2009
AHLWEST,Asian Hotels (West) Limited,BE,2010-08-05,10,1,INE915K01010,10,2010
AIAENG,AIA Engineering Limited,EQ,2005-12-14,2,1,INE212H01026,2,2005
AIIL,Authum Investment & Infrastructure Limited,EQ,2024-04-23,1,1,INE206F01022,1,2024
AIRAN,Airan Limited,EQ,2019-05-03,2,1,INE645W01026,2,2019
AIROLAM,Airo Lam limited,EQ,2021-10-13,10,1,INE801L01010,10,2021
AJANTPHARM,Ajanta Pharma Limited,EQ,2000-05-29,2,1,INE031B01049,2,2000
AJAXENGG,Ajax Engineering Limited,EQ,2025-02-17,1,1,INE274Y01021,1,2025
AJMERA,Ajmera Realty & Infra India Limited,EQ,2009-06-16,2,1,INE298G01035,2,2009
AJOONI,Ajooni Biotech Limited,EQ,2021-05-07,2,1,INE820Y01021,2,2021
AKASH,Akash Infra-Projects Limited,EQ,2019-10-11,10,1,INE737W01013,10,2019
AKCAPIT,AK Capital Services Limited,EQ,2026-04-20,10,1,INE701G01012,10,2026
AKG,Akg Exim Limited,EQ,2021-02-16,10,1,INE00Y801016,10,2021
AKI,AKI India Limited,BE,2023-04-06,2,1,INE642Z01026,2,2023
AKSHAR,Akshar Spintex Limited,EQ,2022-05-23,1,1,INE256Z01025,1,2022
AKSHARCHEM,AksharChem India Limited,BE,2017-03-28,10,1,INE542B01011,10,2017
AKSHOPTFBR,Aksh Optifibre Limited,BE,2000-08-18,5,1,INE523B01011,5,2000
AKUMS,Akums Drugs and Pharmaceuticals Limited,EQ,2024-08-06,2,1,INE09XN01023,2,2024
ALANKIT,Alankit Limited,EQ,2015-06-30,1,1,INE914E01040,1,2015
ALBERTDAVD,Albert David Limited,EQ,2016-06-14,10,1,INE155C01010,10,2016
ALEMBICLTD,Alembic Limited,EQ,1999-09-22,2,1,INE426A01027,2,1999
ALFREDHE,Alfred Herbert India Limited,EQ,2026-08-17,10,1,INE782D01027,10,2026
ALGOQUANT,Algoquant Fintech Limited,EQ,2026-01-06,1,1,INE598D01035,1,2026
ALICON,Alicon Castalloy Limited,EQ,2006-09-29,5,1,INE062D01024,5,2006
ALIVUS,Alivus Life Sciences Limited,EQ,2021-08-06,2,1,INE03Q201024,2,2021
ALKALI,Alkali Metals Limited,BE,2008-11-06,10,1,INE773I01017,10,2008
ALKEM,Alkem Laboratories Limited,EQ,2015-12-23,2,1,INE540L01014,2,2015
ALKYLAMINE,Alkyl Amines Chemicals Limited,EQ,2007-11-26,2,1,INE150B01039,2,2007
ALLCARGO,Allcargo Logistics Limited,EQ,2006-06-23,2,1,INE418H01029,2,2006
ALLDIGI,Alldigi Tech Limited,EQ,2005-05-09,10,1,INE835G01018,10,2005
ALLTIME,All Time Plastics Limited,EQ,2025-08-14,2,1,INE0GV601021,2,2025
ALMONDZ,Almondz Global Securities Limited,BE,2008-06-16,1,1,INE326B01035,1,2008
ALOKINDS,Alok Industries Limited,EQ,2020-02-19,1,1,INE270A01029,1,2020
ALPA,Alpa Laboratories Limited,EQ,2007-08-06,10,1,INE385I01010,10,2007
ALPHAGEO,Alphageo (India) Limited,BE,2007-05-11,10,1,INE137C01018,10,2007
ALPINETEX,Alpine Texworld Limited,EQ,2026-07-21,10,1,INE1JCQ01037,10,2026
ALUFLUOR,Alufluoride Limited,EQ,2026-08-17,10,1,INE058F01019,10,2026
AMAGI,Amagi Media Labs Limited,EQ,2026-01-21,5,1,INE121R01077,5,2026
AMAL,Amal Limited,EQ,2026-08-17,10,1,INE841D01013,10,2026
AMANTA,Amanta Healthcare Limited,BE,2025-09-09,10,1,INE084K01015,10,2025
AMARJOTHI,Amarjothi Spinning Mills Limited,EQ,2026-08-17,10,1,INE484D01012,10,2026
AMBALALSA,Ambalal Sarabhai Enterprises Limited,BE,2026-04-20,10,1,INE432A01017,10,2026
AMBER,Amber Enterprises India Limited,EQ,2018-01-30,10,1,INE371P01015,10,2018
AMBICAAGAR,Ambica Agarbathies & Aroma industries Limited,EQ,2004-06-29,10,1,INE792B01012,10,2004
AMBIKCO,Ambika Cotton Mills Limited,EQ,2008-01-29,10,1,INE540G01014,10,2008
AMBUJACEM,Ambuja Cements Limited,EQ,1998-02-18,2,1,INE079A01024,2,1998
AMDIND,AMD Industries Limited,BE,2007-03-19,10,1,INE005I01014,10,2007
AMJLAND,Amj Land Holdings Limited,EQ,1995-02-08,2,1,INE606A01024,2,1995
AMNPLST,Amines & Plasticizers Limited,EQ,2023-11-10,2,1,INE275D01022,2,2023
AMRUTANJAN,Amrutanjan Health Care Limited,EQ,2015-01-02,1,1,INE098F01031,1,2015
ANANDRATHI,Anand Rathi Wealth Limited,EQ,2021-12-14,5,1,INE463V01026,5,2021
ANANTRAJ,Anant Raj Limited,EQ,2006-09-27,2,1,INE242C01024,2,2006
ANDHRAPAP,ANDHRA PAPER LIMITED,EQ,2004-05-13,2,1,INE435A01051,2,2004
ANDHRSUGAR,The Andhra Sugars Limited,EQ,1995-11-01,2,1,INE715B01021,2,1995
ANDREWYU,Andrew Yule & Company Limited,EQ,2026-08-17,2,1,INE449C01025,2,2026
ANGELONE,Angel One Limited,EQ,2020-10-05,1,1,INE732I01021,1,2020
ANIKINDS,Anik Industries Limited,EQ,2008-05-21,10,1,INE087B01017,10,2008
ANKITMETAL,Ankit Metal & Power Limited,BZ,2013-03-14,10,1,INE106I01010,10,2013
ANMOL,Anmol India Limited,BE,2021-06-04,10,1,INE02AR01019,10,2021
ANNAPURNA,Annapurna Swadisht Limited,EQ,2026-08-12,10,1,INE0MGM01017,10,2026
ANNU,Annu Projects Limited,EQ,2026-09-02,10,1,INE103001017,10,2026
ANSALAPI,Ansal Properties & Infrastructure Limited,BZ,2006-01-27,5,1,INE436A01026,5,2006
ANSALBU,Ansal Buildwell Limited,EQ,2026-08-17,10,1,INE030C01015,10,2026
ANTELOPUS,Antelopus Selan Energy Limited,EQ,2006-09-26,10,1,INE818A01017,10,2006
ANTGRAPHIC,Antarctica Limited,EQ,1997-12-31,1,1,INE414B01021,1,1997
ANTHEM,Anthem Biosciences Limited,EQ,2025-07-21,2,1,INE0CZ201020,2,2025
ANUHPHR,Anuh Pharma Limited,EQ,2024-12-20,5,1,INE489G01022,5,2024
ANUP,The Anup Engineering Limited,EQ,2019-03-01,10,1,INE294Z01018,10,2019
ANURAS,Anupam Rasayan India Limited,EQ,2021-03-24,10,1,INE930P01018,10,2021
AONESTEELS,A-One Steels India Limited,EQ,2026-10-01,10,1,INE0OTC01025,10,2026
APARINDS,Apar Industries Limited,EQ,2004-07-12,10,1,INE372A01015,10,2004
APCL,Anjani Portland Cement Limited,EQ,2017-04-10,10,1,INE071F01012,10,2017
APCOTEXIND,Apcotex Industries Limited,EQ,1995-09-06,2,1,INE116A01032,2,1995
APEX,Apex Frozen Foods Limited,EQ,2017-09-04,10,1,INE346W01013,10,2017
APLAPOLLO,APL Apollo Tubes Limited,EQ,2011-12-14,2,1,INE702C01027,2,2011
APLLTD,Alembic Pharmaceuticals Limited,EQ,2011-09-20,2,1,INE901L01018,2,2011
APOLLO,Apollo Micro Systems Limited,EQ,2018-01-22,1,1,INE713T01028,1,2018
APOLLOHOSP,Apollo Hospitals Enterprise Limited,EQ,1996-01-10,5,1,INE437A01024,5,1996
APOLLOPIPE,Apollo Pipes Limited,EQ,2019-11-11,10,1,INE126J01016,10,2019
APOLLOTYRE,Apollo Tyres Limited,EQ,1995-05-31,1,1,INE438A01022,1,1995
APOLSINHOT,Apollo Sindoori Hotels Limited,EQ,2015-01-28,5,1,INE451F01024,5,2015
APOORVA,Apoorva Leasing Finance and Investment Company Limited,BE,2026-08-17,10,1,INE217S01014,10,2026
APTECHT,Aptech Limited,EQ,2002-09-27,10,1,INE266F01018,10,2002
APTUS,Aptus Value Housing Finance India Limited,EQ,2021-08-24,2,1,INE852O01025,2,2021
AQYLON,Aqylon Nexus Limited,EQ,2024-04-01,1,1,INE416A01051,1,2024
ARCHIDPLY,Archidply Industries Limited,EQ,2008-07-04,10,1,INE877I01016,10,2008
ARCHIES,Archies Limited,EQ,1998-09-02,2,1,INE731A01020,2,1998
ARCIL,Asset Reconstruction Company (India) Limited,EQ,2026-09-17,10,1,INE148G01016,10,2026
ARCL,ARCL Organics Limited,EQ,2026-08-17,10,1,INE372M01010,10,2026
ARDEE,Ardee Industries Limited,EQ,2026-08-12,2,1,INE0XNF01022,2,2026
ARE&M,Amara Raja Energy & Mobility Limited,EQ,2003-09-05,1,1,INE885A01032,1,2003
ARENTERP,Rajdarshan Industries Limited,EQ,1995-10-18,10,1,INE610C01014,10,1995
ARFIN,Arfin India Limited,EQ,2025-07-22,1,1,INE784R01023,1,2025
ARIES,Aries Agro Limited,BE,2008-01-11,10,1,INE298I01015,10,2008
ARIHANT,Arihant Foundations & Housing Limited,EQ,2026-04-20,10,1,INE413D01011,10,2026
ARIHANTCAP,Arihant Capital Markets Limited,EQ,2021-06-15,1,1,INE420B01036,1,2021
ARIHANTSUP,Arihant Superstructures Limited,EQ,2017-03-28,10,1,INE643K01018,10,2017
ARIS,Arisinfra Solutions Limited,EQ,2025-06-25,2,1,INE0H9P01028,2,2025
ARKADE,Arkade Developers Limited,EQ,2024-09-24,10,1,INE0QRL01017,10,2024
ARMANFIN,Arman Financial Services Limited,EQ,2016-06-14,10,1,INE109C01017,10,2016
ARMEE,ArMee Infotech Limited,EQ,2026-09-30,10,1,INE0TWE01016,10,2026
AROGRANITE,Aro Granite Industries Limited,EQ,2007-04-24,10,1,INE210C01013,10,2007
ARROWGREEN,Arrow Greentech Limited,EQ,2015-05-21,10,1,INE570D01018,10,2015
ARSHIYA,Arshiya Limited,BZ,2009-12-14,2,1,INE968D01022,2,2009
ARSSBL,Anand Rathi Share and Stock Brokers Limited,EQ,2025-09-30,5,1,INE549H01021,5,2025
ARTEMISMED,Artemis Medicare Services Limited,EQ,2020-01-23,1,1,INE025R01021,1,2020
ARTNIRMAN,Art Nirman Limited,EQ,2021-10-18,10,1,INE738V01013,10,2021
ARVEE,Arvee Laboratories (India) Limited,EQ,2021-03-22,10,1,INE006Z01016,10,2021
ARVIND,Arvind Limited,EQ,1995-02-08,10,1,INE034A01011,10,1995
ARVINDFASN,Arvind Fashions Limited,EQ,2019-03-08,4,1,INE955V01021,4,2019
ARVSMART,Arvind SmartSpaces Limited,EQ,2015-08-26,10,1,INE034S01021,10,2015
ARYAMAN,Aryaman Financial Services Limited,EQ,2026-08-17,10,1,INE032E01017,10,2026
ASAHIINDIA,Asahi India Glass Limited,EQ,1998-03-18,1,1,INE439A01020,1,1998
ASAHISONG,Asahi Songwon Colors Limited,BE,2011-08-29,10,1,INE228I01012,10,2011
ASAL,Automotive Stampings and Assemblies Limited,EQ,2002-03-12,10,1,INE900C01027,10,2002
ASALCBR,Associated Alcohols & Breweries Ltd.,EQ,2020-02-12,10,1,INE073G01016,10,2020
ASHAPURMIN,Ashapura Minechem Limited,EQ,1995-09-20,2,1,INE348A01023,2,1995
ASHIANA,Ashiana Housing Limited,EQ,2011-06-29,2,1,INE365D01021,2,2011
ASHIKAG,Ashika Global Securities Limited,BE,2026-04-20,10,1,INE094B01013,10,2026
ASHIMASYN,Ashima Limited,EQ,1995-07-27,10,1,INE440A01010,10,1995
ASHOKA,Ashoka Buildcon Limited,EQ,2010-10-14,5,1,INE442H01029,5,2010
ASHOKAMET,Ashoka Metcast Limited,EQ,2023-06-27,10,1,INE760Y01011,10,2023
ASHOKLEY,Ashok Leyland Limited,EQ,1995-05-25,1,1,INE208A01029,1,1995
ASIANENE,Asian Energy Services Limited,EQ,2021-12-09,10,1,INE276G01015,10,2021
ASIANHOTNR,Asian Hotels (North) Limited,EQ,2010-04-07,10,1,INE363A01022,10,2010
ASIANPAINT,Asian Paints Limited,EQ,1995-05-31,1,1,INE021A01026,1,1995
ASIANTILES,Asian Granito India Limited,EQ,2007-08-23,10,1,INE022I01019,10,2007
ASIANTNE,Asian Tea & Exports Limited,EQ,2026-08-17,10,1,INE822B01017,10,2026
ASKAUTOLTD,ASK Automotive Limited,EQ,2023-11-15,2,1,INE491J01022,2,2023
ASMS,Avio Smart Market Stack Limited,EQ,2023-02-09,1,1,INE855F01042,1,2023
ASPINWALL,Aspinwall and Company Limited,EQ,2016-06-14,10,1,INE991I01015,10,2016
ASSAMENT,Assam Entrade Limited,EQ,2026-08-17,10,1,INE165G01010,10,2026
ASTAR,Asian Star Company Limited,EQ,2026-04-20,10,1,INE194D01017,10,2026
ASTEC,Astec LifeSciences Limited,EQ,2009-11-25,10,1,INE563J01010,10,2009
ASTERDM,Aster DM Quality Care Limited,EQ,2018-02-26,10,1,INE914M01019,10,2018
ASTRAL,Astral Limited,EQ,2007-03-20,1,1,INE006I01046,1,2007
ASTRAMICRO,Astra Microwave Products Limited,EQ,2004-11-01,2,1,INE386C01029,2,2004
ASTRAZEN,AstraZeneca Pharma India Limited,EQ,2001-05-04,2,1,INE203A01020,2,2001
ASTRON,Astron Paper & Board Mill Limited,BZ,2017-12-29,10,1,INE646X01014,10,2017
ATALREAL,Atal Realtech Limited,EQ,2023-05-12,2,1,INE0ALR01029,2,2023
ATAM,Atam Valves Limited,EQ,2023-05-10,10,1,INE09KD01013,10,2023
ATGL,Adani Total Gas Limited,EQ,2018-11-05,1,1,INE399L01023,1,2018
ATHERENERG,Ather Energy Limited,EQ,2025-05-06,1,1,INE0LEZ01016,1,2025
ATL,Allcargo Terminals Limited,EQ,2023-08-10,2,1,INE0NN701020,2,2023
ATLANTAA,ATLANTAA LIMITED,EQ,2006-09-25,2,1,INE285H01022,2,2006
ATLANTAELE,Atlanta Electricals Limited,EQ,2025-09-29,2,1,INE0Z4F01028,2,2025
ATLASCYCLE,Atlas Cycles (Haryana) Limited,EQ,1996-10-23,5,1,INE446A01025,5,1996
ATUL,Atul Limited,EQ,1998-05-06,10,1,INE100A01010,10,1998
ATULAUTO,Atul Auto Limited,EQ,2013-06-26,5,1,INE951D01028,5,2013
AUBANK,AU Small Finance Bank Limited,EQ,2017-07-10,10,1,INE949L01017,10,2017
AUGMONT,Augmont Enterprises Limited,EQ,2026-08-31,5,1,INE16W401027,5,2026
AURIONPRO,Aurionpro Solutions Limited,EQ,2005-10-25,10,1,INE132H01018,10,2005
AUROPHARMA,Aurobindo Pharma Limited,EQ,2000-07-19,1,1,INE406A01037,1,2000
AURUM,Aurum PropTech Limited,EQ,2015-08-19,5,1,INE898S01029,5,2015
AURUS,AURUS GEM CORPORATION LIMITED,EQ,2013-11-05,10,1,INE142K01011,10,2013
AUSOMENT,Ausom Enterprise Limited,EQ,1996-04-17,10,1,INE218C01016,10,1996
AUSTENG,Austin Engineering Company  Limited,EQ,2026-08-17,10,1,INE759F01012,10,2026
AUTOAXLES,Automotive Axles Limited,EQ,2003-05-29,10,1,INE449A01011,10,2003
AUTOIND,Autoline Industries Limited,EQ,2007-01-31,10,1,INE718H01014,10,2007
AVADHSUGAR,Avadh Sugar & Energy Limited,EQ,2017-07-28,10,1,INE349W01017,10,2017
AVALON,Avalon Technologies Limited,EQ,2023-04-18,2,1,INE0LCL01028,2,2023
AVANCE,Avance Technologies Limited,EQ,2026-08-17,1,1,INE758A01072,1,2026
AVANTEL,Avantel Limited,EQ,2024-07-31,2,1,INE005B01027,2,2024
AVANTIFEED,Avanti Feeds Limited,EQ,2015-04-15,1,1,INE871C01038,1,2015
AVG,AVG Logistics Limited,BE,2023-05-12,10,1,INE680Z01018,10,2023
AVL,Aditya Vision Limited,EQ,2024-11-06,1,1,INE679V01027,1,2024
AVONMORE,Avonmore Capital & Management Services Limited,EQ,2023-01-04,1,1,INE323B01024,1,2023
AVROIND,AVRO INDIA LIMITED,EQ,2022-04-07,1,1,INE652Z01025,1,2022
AVTNPL,AVT Natural Products Limited,EQ,2007-01-10,1,1,INE488D01021,1,2007
AWFIS,Awfis Space Solutions Limited,EQ,2024-05-30,10,1,INE108V01019,10,2024
AWHCL,Antony Waste Handling Cell Limited,EQ,2021-01-01,5,1,INE01BK01022,5,2021
AWL,AWL Agri Business Limited,EQ,2022-02-08,1,1,INE699H01024,1,2022
AXISBANK,Axis Bank Limited,EQ,1998-11-16,2,1,INE238A01034,2,1998
AXISCADES,AXISCADES Technologies Limited,EQ,2000-12-21,5,1,INE555B01013,5,2000
AXITA,Axita Cotton Limited,EQ,2022-06-21,1,1,INE02EZ01022,1,2022
AXTEL,Axtel Industries Limited,EQ,2026-08-17,10,1,INE767C01012,10,2026
AYE,Aye Finance Limited,EQ,2026-02-16,2,1,INE501X01029,2,2026
AYMSYNTEX,AYM Syntex Limited,EQ,2015-08-14,10,1,INE193B01039,10,2015
AZAD,Azad Engineering Limited,EQ,2023-12-28,2,1,INE02IJ01035,2,2023
AZADIND,Azad India Mobility Limited,EQ,2026-08-17,10,1,INE566M01017,10,2026
BAFNAPH,Bafna Pharmaceuticals Limited,BE,2020-02-27,10,1,INE878I01022,10,2020
BAGFILMS,B.A.G Films and Media Limited,EQ,2003-10-17,2,1,INE116D01028,2,2003
BAIDFIN,Baid Finserv Limited,EQ,2023-01-20,2,1,INE020D01022,2,2023
BAJAJ-AUTO,Bajaj Auto Limited,EQ,2008-05-26,10,1,INE917I01010,10,2008
BAJAJCON,Bajaj Consumer Care Limited,EQ,2010-08-18,1,1,INE933K01021,1,2010
BAJAJELEC,Bajaj Electricals Limited,EQ,2007-11-02,2,1,INE193E01025,2,2007
BAJAJFINSV,Bajaj Finserv Limited,EQ,2008-05-26,1,1,INE918I01026,1,2008
BAJAJHCARE,Bajaj Healthcare Limited,EQ,2021-11-25,5,1,INE411U01027,5,2021
BAJAJHFL,Bajaj Housing Finance Limited,EQ,2024-09-16,10,1,INE377Y01014,10,2024
BAJAJHIND,Bajaj Hindusthan Sugar Limited,EQ,1995-05-10,1,1,INE306A01021,1,1995
BAJAJHLDNG,Bajaj Holdings & Investment Limited,EQ,1995-03-15,10,1,INE118A01012,10,1995
BAJAJINDEF,Indef Manufacturing Limited,EQ,2025-02-21,1,1,INE0O9T01021,1,2025
BAJAJST,Bajaj Steel Industries Limited,EQ,2026-04-20,5,1,INE704G01024,5,2026
BAJEL,Bajel Projects Limited,EQ,2023-12-19,2,1,INE0KQN01018,2,2023
BAJFINANCE,Bajaj Finance Limited,EQ,2003-04-01,1,1,INE296A01032,1,2003
BALAJEE,Shree Tirupati Balajee Agro Trading Company Limited,EQ,2024-09-12,10,1,INE0S2G01011,10,2024
BALAJITELE,Balaji Telefilms Limited,EQ,2000-11-22,2,1,INE794B01026,2,2000
BALAMINES,Balaji Amines Limited,EQ,2007-04-05,2,1,INE050E01027,2,2007
BALAXI,BALAXI PHARMACEUTICALS LIMITED,EQ,2015-11-30,2,1,INE618N01022,2,2015
BALKRISHNA,Balkrishna Paper Mills Limited,EQ,2015-07-28,10,1,INE875R01011,10,2015
BALKRISIND,Balkrishna Industries Limited,EQ,2006-01-27,2,1,INE787D01026,2,2006
BALMLAWRIE,Balmer Lawrie & Company Limited,EQ,1995-07-06,10,1,INE164A01016,10,1995
BALPHARMA,Bal Pharma Limited,EQ,2006-05-08,10,1,INE083D01012,10,2006
BALRAMCHIN,Balrampur Chini Mills Limited,EQ,1995-02-08,1,1,INE119A01028,1,1995
BALUFORGE,Balu Forge Industries Limited,EQ,2024-04-29,10,1,INE011E01029,10,2024
BANARBEADS,Banaras Beads Limited,EQ,1995-07-07,10,1,INE655B01011,10,1995
BANARISUG,Bannari Amman Sugars Limited,EQ,2003-05-28,10,1,INE459A01010,10,2003
BANCOINDIA,Banco Products (I) Limited,EQ,2006-12-22,2,1,INE213C01025,2,2006
BANDHANBNK,Bandhan Bank Limited,EQ,2018-03-27,10,1,INE545U01014,10,2018
BANG,Bang Overseas Limited,EQ,2008-02-20,10,1,INE863I01016,10,2008
BANKA,Banka BioLoo Limited,EQ,2020-10-29,10,1,INE862Y01015,10,2020
BANKBARODA,Bank of Baroda,EQ,1997-02-19,2,1,INE028A01039,2,1997
BANKINDIA,Bank of India,EQ,1997-04-30,10,1,INE084A01016,10,1997
BANSALWIRE,Bansal Wire Industries Limited,EQ,2024-07-10,5,1,INE0B9K01025,5,2024
BANSWRAS,Banswara Syntex Limited,EQ,2007-04-11,5,1,INE629D01020,5,2007
BASF,BASF India Limited,EQ,1995-05-17,10,1,INE373A01013,10,1995
BASML,Bannari Amman Spinning Mills Limited,BE,2005-11-14,5,1,INE186H01022,5,2005
BATAINDIA,Bata India Limited,EQ,2003-06-18,5,1,INE176A01028,5,2003
BATLIBOI,Batliboi Limited,EQ,2026-04-20,5,1,INE177C01022,5,2026
BAYERCROP,Bayer Cropscience Limited,EQ,2010-01-08,10,1,INE462A01022,10,2010
BBL,Bharat Bijlee Limited,EQ,2006-11-21,5,1,INE464A01036,5,2006
BBOX,Black Box Limited,EQ,2003-07-22,2,1,INE676A01027,2,2003
BBTC,The Bombay Burmah Trading Corporation Limited,EQ,1996-04-03,2,1,INE050A01025,2,1996
BBTCL,B&B Triplewall Containers Limited,EQ,2022-11-23,10,1,INE01EE01011,10,2022
BCG,Brightcom Group Limited,EQ,2015-05-08,2,1,INE425B01027,2,2015
BCLIND,Bcl Industries Limited,EQ,2021-03-04,1,1,INE412G01024,1,2021
BCONCEPTS,Brand Concepts Limited,EQ,2022-01-11,10,1,INE977Y01011,10,2022
BCPL,BCPL Railway Infrastructure Limited,EQ,2026-03-27,10,1,INE00SW01015,10,2026
BDL,Bharat Dynamics Limited,EQ,2018-03-23,5,1,INE171Z01026,5,2018
BEARDSELL,Beardsell Limited,EQ,2015-01-13,2,1,INE520H01022,2,2015
BECTORFOOD,Mrs. Bectors Food Specialities Limited,EQ,2020-12-24,2,1,INE495P01020,2,2020
BEDMUTHA,Bedmutha Industries Limited,EQ,2010-10-14,10,1,INE844K01012,10,2010
BEEKAY,Beekay Steel Industries Limited,EQ,2026-04-20,10,1,INE213D01015,10,2026
BEL,Bharat Electronics Limited,EQ,2000-07-19,1,1,INE263A01024,1,2000
BELLACASA,Bella Casa Fashion & Retail Limited,EQ,2025-07-18,10,1,INE344T01014,10,2025
BELRISE,Belrise Industries Limited,EQ,2025-05-28,5,1,INE894V01022,5,2025
BEML,BEML Limited,EQ,2003-11-05,5,1,INE258A01024,5,2003
BENARAS,Benares Hotels Limited,EQ,2026-08-17,10,1,INE664D01019,10,2026
BENGALASM,Bengal & Assam Company Limited,EQ,2026-04-20,10,1,INE083K01017,10,2026
BEPL,Bhansali Engineering Polymers Limited,EQ,2005-03-21,1,1,INE922A01025,1,2005
BERGEPAINT,Berger Paints (I) Limited,EQ,1999-11-24,1,1,INE463A01038,1,1999
BESTAGRO,Best Agrolife Limited,EQ,2024-04-10,1,1,INE052T01021,1,2024
BETA,Beta Drugs Limited,EQ,2025-11-24,10,1,INE351Y01019,10,2025
BFINVEST,BF Investment Limited,EQ,2011-01-14,5,1,INE878K01010,5,2011
BFUTILITIE,BF Utilities Limited,EQ,2007-05-03,5,1,INE243D01012,5,2007
BGRENERGY,BGR Energy Systems Limited,BE,2008-01-03,10,1,INE661I01014,10,2008
BHAGCHEM,Bhagiradha Chemicals & Industries Limited,EQ,2021-10-18,1,1,INE414D01027,1,2021
BHAGERIA,Bhageria Industries Limited,EQ,2016-03-02,5,1,INE354C01027,5,2016
BHAGYANGR,Bhagyanagar India Limited,EQ,2017-05-17,2,1,INE458B01036,2,2017
BHANDARI,Bhandari Hosiery Exports Limited,EQ,2017-01-30,1,1,INE474E01029,1,2017
BHARATCOAL,Bharat Coking Coal Limited,EQ,2026-01-19,10,1,INE05XR01022,10,2026
BHARATFORG,Bharat Forge Limited,EQ,2003-04-04,2,1,INE465A01025,2,2003
BHARATGEAR,Bharat Gears Limited,BE,1996-04-03,10,1,INE561C01019,10,1996
BHARATRAS,Bharat Rasayan Limited,EQ,1995-10-11,5,1,INE838B01021,5,1995
BHARATSE,Bharat Seats Limited,EQ,2025-03-24,2,1,INE415D01024,2,2025
BHARATWIRE,Bharat Wire Ropes Limited,EQ,2016-04-01,10,1,INE316L01019,10,2016
BHARTIARTL,Bharti Airtel Limited,EQ,2002-02-15,5,1,INE397D01024,5,2002
BHARTIHEXA,Bharti Hexacom Limited,EQ,2024-04-12,5,1,INE343G01021,5,2024
BHEL,Bharat Heavy Electricals Limited,EQ,2003-11-11,2,1,INE257A01026,2,2003
BI,Bilcare Limited,BE,2026-04-20,10,1,INE986A01012,10,2026
BIGBLOC,Bigbloc Construction Limited,EQ,2016-09-02,2,1,INE412U01025,2,2016
BIKAJI,Bikaji Foods International Limited,EQ,2022-11-16,1,1,INE00E101023,1,2022
BIL,Bhartiya International Limited,EQ,2000-04-12,10,1,INE828A01016,10,2000
BILVYAPAR,BIL VYAPAR LIMITED,BE,2006-09-27,10,1,INE071A01013,10,2006
BIMETAL,Bimetal Bearings Limited,EQ,2026-04-20,10,1,INE469A01019,10,2026
BIOCON,Biocon Limited,EQ,2004-04-07,5,1,INE376G01013,5,2004
BIOFILCHEM,Biofil Chemicals & Pharmaceuticals Limited,EQ,1996-06-12,10,1,INE829A01014,10,1996
BIRLACABLE,Birla Cable Limited,EQ,1995-12-06,10,1,INE800A01015,10,1995
BIRLACORPN,Birla Corporation Limited,EQ,1995-04-12,10,1,INE340A01012,10,1995
BIRLAMONEY,Aditya Birla Money Limited,EQ,2008-02-07,1,1,INE865C01022,1,2008
BIRLANU,BirlaNu Limited,EQ,1995-04-26,10,1,INE557A01011,10,1995
BIRLAPREC,Birla Precision Technologies Limited,BE,2026-04-20,2,1,INE372E01025,2,2026
BLACKBUCK,BLACKBUCK LIMITED,EQ,2024-11-22,1,1,INE0UIZ01018,1,2024
BLACKROSE,Black Rose Inds. Limited,EQ,2026-04-20,1,1,INE761G01016,1,2026
BLAL,BEML Land Assets Limited,EQ,2023-04-19,10,1,INE0N7W01012,10,2023
BLBLIMITED,BLB Limited,EQ,2000-05-31,1,1,INE791A01024,1,2000
BLEL,Behari Lal Engineering Limited,EQ,2026-08-19,10,1,INE1EEM01017,10,2026
BLIL,Balmer Lawrie Investments Limited,EQ,2026-04-20,1,1,INE525F01025,1,2026
BLISSGVS,Bliss GVS Pharma Limited,BE,2010-07-26,1,1,INE416D01022,1,2010
BLKASHYAP,B. L. Kashyap and Sons Limited,EQ,2006-03-17,1,1,INE350H01032,1,2006
BLS,BLS International Services Limited,EQ,2016-06-14,1,1,INE153T01027,1,2016
BLSE,BLS E-Services Limited,EQ,2024-02-06,10,1,INE0NLT01010,10,2024
BLUECLOUDS,Blue Cloud Softech Solutions Limited,EQ,2026-08-17,1,1,INE373T01047,1,2026
BLUECOAST,Blue Coast Hotels Limited,EQ,2000-02-16,10,1,INE472B01011,10,2000
BLUEDART,Blue Dart Express Limited,EQ,2002-12-12,10,1,INE233B01017,10,2002
BLUEJET,Blue Jet Healthcare Limited,EQ,2023-11-01,2,1,INE0KBH01020,2,2023
BLUESTARCO,Blue Star Limited,EQ,2000-06-15,2,1,INE472A01039,2,2000
BLUESTONE,BlueStone Jewellery and Lifestyle Limited,EQ,2025-08-19,1,1,INE304W01038,1,2025
BLUSPRING,Bluspring Enterprises Limited,EQ,2025-06-11,10,1,INE0U4101014,10,2025
BMWVENTLTD,BMW Ventures Limited,EQ,2025-10-01,10,1,INE965W01036,10,2025
BNAGROCHEM,BN Agrochem Limited,EQ,2026-04-20,10,1,INE00HZ01011,10,2026
BNALTD,B & A Limited,BE,2026-04-20,10,1,INE489D01011,10,2026
BODALCHEM,Bodal Chemicals Limited,BE,2011-08-22,2,1,INE338D01028,2,2011
BOHRAIND,Bohra Industries Limited,EQ,2022-10-27,10,1,INE802W01023,10,2022
BOMDYEING,Bombay Dyeing & Mfg Company Limited,EQ,1995-04-26,2,1,INE032A01023,2,1995
BONLON,Bonlon Industries Limited,EQ,2026-02-20,10,1,INE0B9A01018,10,2026
BORANA,Borana Weaves Limited,EQ,2025-05-27,10,1,INE16SF01016,10,2025
BOROLTD,Borosil Limited,EQ,2020-07-22,1,1,INE02PY01013,1,2020
BORORENEW,BOROSIL RENEWABLES LIMITED,EQ,2018-05-25,1,1,INE666D01022,1,2018
BOROSCI,Borosil Scientific Limited,EQ,2024-06-07,1,1,INE02L001032,1,2024
BOSCH-HCIL,BOSCH HOME COMFORT INDIA LIMITED,EQ,2000-01-03,10,1,INE782A01015,10,2000
BOSCHLTD,Bosch Limited,EQ,2003-05-12,10,1,INE323A01026,10,2003
BPCL,Bharat Petroleum Corporation Limited,EQ,1995-09-13,10,1,INE029A01011,10,1995
BPL,BPL Limited,EQ,1995-06-14,10,1,INE110A01019,10,1995
BPLPHARMA,Bharat Parenterals Limited,EQ,2026-08-17,10,1,INE365Y01019,10,2026
BRAHMINFRA,Brahmaputra Infrastructure Limited,EQ,2026-08-17,10,1,INE320I01017,10,2026
BRIGADE,Brigade Enterprises Limited,EQ,2007-12-31,10,1,INE791I01019,10,2007
BRIGHOTEL,Brigade Hotel Ventures Limited,EQ,2025-07-31,10,1,INE03NU01014,10,2025
BRIGHTBR,Bright Brothers Limited,EQ,2026-08-17,10,1,INE630D01010,10,2026
BRITANNIA,Britannia Industries Limited,EQ,1998-11-05,1,1,INE216A01030,1,1998
BRNL,Bharat Road Network Limited,EQ,2017-09-18,10,1,INE727S01012,10,2017
BROOKS,Brooks Laboratories Limited,EQ,2011-09-05,10,1,INE650L01011,10,2011
BSE,BSE Limited,EQ,2017-02-03,2,1,INE118H01025,2,2017
BSHSL,Bombay Super Hybrid Seeds Limited,EQ,2020-10-28,1,1,INE032Z01020,1,2020
BSL,BSL Limited,EQ,1995-07-27,10,1,INE594B01012,10,1995
BSOFT,BIRLASOFT LIMITED,EQ,1999-11-24,2,1,INE836A01035,2,1999
BTML,Bodhi Tree Multimedia Limited,EQ,2023-02-15,1,1,INE0EEJ01023,1,2023
BTTL,Bhilwara Technical Textiles Limited,BE,2026-04-20,1,1,INE274K01012,1,2026
BUILDPRO,Shankara Buildpro Limited,EQ,2026-01-09,10,1,INE24OJ01011,10,2026
BURNPUR,Burnpur Cement Limited,BE,2008-01-03,10,1,INE817H01022,10,2008
BUTTERFLY,Butterfly Gandhimathi Appliances Limited,EQ,2014-04-28,10,1,INE295F01017,10,2014
BVCL,Barak Valley Cements Limited,EQ,2007-11-23,10,1,INE139I01011,10,2007
BYKE,The Byke Hospitality Ltd,EQ,2015-04-15,10,1,INE319B01014,10,2015
CALSOFT,California Software Company Limited,BE,2000-06-28,10,1,INE526B01014,10,2000
CAMLINFINE,Camlin Fine Sciences Limited,EQ,2015-01-20,1,1,INE052I01032,1,2015
CAMPUS,Campus Activewear Limited,EQ,2022-05-09,5,1,INE278Y01022,5,2022
CAMS,Computer Age Management Services Limited,EQ,2021-05-07,2,1,INE596I01020,2,2021
CANBK,Canara Bank,EQ,2002-12-23,2,1,INE476A01022,2,2002
CANFINHOME,Can Fin Homes Limited,EQ,1995-05-10,2,1,INE477A01020,2,1995
CANHLIFE,Canara HSBC Life Insurance Company Limited,EQ,2025-10-17,10,1,INE01TY01017,10,2025
CANTABIL,Cantabil Retail India Limited,EQ,2010-10-12,2,1,INE068L01024,2,2010
CAPACITE,Capacit'e Infraprojects Limited,EQ,2017-09-25,10,1,INE264T01014,10,2017
CAPILLARY,Capillary Technologies India Limited,EQ,2025-11-21,2,1,INE0ILV01024,2,2025
CAPITALSFB,Capital Small Finance Bank Limited,EQ,2024-02-14,10,1,INE646H01017,10,2024
CAPLIPOINT,Caplin Point Laboratories Limited,EQ,2014-06-23,2,1,INE475E01026,2,2014
CAPTRUST,Capital Trust Limited,BE,2017-01-16,10,1,INE707C01018,10,2017
CARBORUNIV,Carborundum Universal Limited,EQ,1996-04-03,1,1,INE120A01034,1,1996
CARERATING,CARE Ratings Limited,EQ,2012-12-26,10,1,INE752H01013,10,2012
CARRARO,Carraro India Limited,EQ,2024-12-30,10,1,INE0V7W01012,10,2024
CARTRADE,Cartrade Tech Limited,EQ,2021-08-20,10,1,INE290S01011,10,2021
CARYSIL,CARYSIL LIMITED,EQ,2021-01-14,2,1,INE482D01024,2,2021
CASTROLIND,Castrol India Limited,EQ,2014-03-14,5,1,INE172A01027,5,2014
CCAVENUE,AvenuesAI Limited,EQ,2016-04-04,1,1,INE483S01020,1,2016
CCCL,Consolidated Construction Consortium Limited,EQ,2007-10-15,2,1,INE429I01024,2,2007
CCHHL,Country Club Hospitality & Holidays Limited,EQ,2015-02-03,2,1,INE652F01027,2,2015
CCL,CCL Products (India) Limited,EQ,2004-06-07,2,1,INE421D01022,2,2004
CDSL,Central Depository Services (India) Limited,EQ,2017-06-30,10,1,INE736A01011,10,2017
CEATLTD,CEAT Limited,EQ,2008-02-01,10,1,INE482A01020,10,2008
CEIGALL,Ceigall India Limited,EQ,2024-08-08,5,1,INE0AG901020,5,2024
CEINSYS,Ceinsys Tech Limited,EQ,2026-02-19,10,1,INE016Q01014,10,2026
CELEBRITY,Celebrity Fashions Limited,EQ,2006-01-12,10,1,INE185H01016,10,2006
CELLO,Cello World Limited,EQ,2023-11-06,5,1,INE0LMW01024,5,2023
CEMPRO,Cemindia Projects Limited,EQ,1999-02-10,1,1,INE686A01026,1,1999
CENTENKA,Century Enka Limited,EQ,1995-05-10,10,1,INE485A01015,10,1995
CENTEXT,Century Extrusions Limited,EQ,2004-07-20,1,1,INE281A01026,1,2004
CENTEXT-RE,Century Extrusions Limited-RE,BE,2026-09-23,1,1,INE281A20018,1,2026
CENTRALBK,Central Bank of India,EQ,2007-08-21,10,1,INE483A01010,10,2007
CENTRUM,Centrum Capital Limited,EQ,2018-04-04,1,1,INE660C01027,1,2018
CENTUM,Centum Electronics Limited,EQ,2007-10-05,10,1,INE320B01020,10,2007
CENTURYPLY,Century Plyboards (India) Limited,EQ,2006-03-23,1,1,INE348B01021,1,2006
CERA,Cera Sanitaryware Limited,EQ,2007-11-02,5,1,INE739E01017,5,2007
CESC,CESC Limited,EQ,1995-02-08,1,1,INE486A01021,1,1995
CEWATER,Concord Enviro Systems Limited,EQ,2024-12-27,5,1,INE037Z01029,5,2024
CFEL,Confidence Futuristic Energetech Limited,BE,2026-08-17,5,1,INE700F01024,5,2026
CGCL,Capri Global Capital Limited,EQ,2010-10-29,1,1,INE180C01042,1,2010
CGPOWER,CG Power and Industrial Solutions Limited,EQ,1995-03-01,2,1,INE067A01029,2,1995
CGVAK,CG Vak Software & Exports Limited,EQ,2026-08-17,10,1,INE084D01010,10,2026
CHALET,Chalet Hotels Limited,EQ,2019-02-07,10,1,INE427F01016,10,2019
CHAMBLFERT,Chambal Fertilizers & Chemicals Limited,EQ,1995-06-14,10,1,INE085A01013,10,1995
CHEMBOND,Chembond Material Technologies Limited,EQ,2019-11-20,5,1,INE995D01025,5,2019
CHEMBONDCH,Chembond Chemicals Limited,BE,2025-07-23,5,1,INE0TGX01019,5,2025
CHEMCON,Chemcon Speciality Chemicals Limited,EQ,2020-10-01,10,1,INE03YM01018,10,2020
CHEMCRUX,Chemcrux Enterprises Limited,EQ,2026-08-17,10,1,INE298W01016,10,2026
CHEMFAB,Chemfab Alkalis Limited,EQ,2018-04-25,10,1,INE783X01023,10,2018
CHEMPLASTS,Chemplast Sanmar Limited,EQ,2021-08-24,5,1,INE488A01050,5,2021
CHENNPETRO,Chennai Petroleum Corporation Limited,EQ,2000-06-07,10,1,INE178A01016,10,2000
CHEVIOT,Cheviot Company Limited,EQ,2022-06-20,10,1,INE974B01016,10,2022
CHOICEIN,Choice International Limited,EQ,2022-04-08,10,1,INE102B01014,10,2022
CHOLAFIN,Cholamandalam Investment and Finance Company Limited,EQ,1996-05-15,2,1,INE121A01024,2,1996
CHOLAHLDNG,Cholamandalam Financial Holdings Limited,EQ,2017-09-25,1,1,INE149A01033,1,2017
CIEINDIA,CIE Automotive India Limited,EQ,2007-08-30,10,1,INE536H01010,10,2007
CIFL,Capital India Finance Limited,EQ,2025-04-17,2,1,INE345H01024,2,2025
CINELINE,Cineline India Limited,EQ,2012-06-13,5,1,INE704H01022,5,2012
CINEVISTA,Cinevista Limited,EQ,2000-05-02,2,1,INE039B01026,2,2000
CIPLA,Cipla Limited,EQ,1995-02-08,2,1,INE059A01026,2,1995
CLEAN,Clean Science and Technology Limited,EQ,2021-07-19,1,1,INE227W01023,1,2021
CLEANMAX,Clean Max Enviro Energy Solutions Limited,EQ,2026-03-02,1,1,INE647U01026,1,2026
CLEDUCATE,CL Educate Limited,EQ,2017-03-31,5,1,INE201M01029,5,2017
CLSEL,Chaman Lal Setia Exports Limited,EQ,2021-05-12,2,1,INE419D01026,2,2021
CMLL,Caliber Mining and Logistics Limited,EQ,2026-07-24,10,1,INE11XY01018,10,2026
CMPDI,Central Mine Planning & Design Institute Limited,EQ,2026-03-30,2,1,INE05HV01027,2,2026
CMRGREEN,CMR Green Technologies Limited,EQ,2026-06-10,2,1,INE00WV01027,2,2026
CMSINFO,CMS Info Systems Limited,EQ,2021-12-31,10,1,INE925R01014,10,2021
CNL,Creative Newtech Limited,EQ,2019-08-05,10,1,INE985W01018,10,2019
COALINDIA,Coal India Limited,EQ,2010-11-04,10,1,INE522F01014,10,2010
COASTCORP,Coastal Corporation Limited,EQ,2021-10-08,2,1,INE377E01024,2,2021
COCHINSHIP,Cochin Shipyard Limited,EQ,2017-08-11,5,1,INE704P01025,5,2017
COCKERILL,John Cockerill India Limited,EQ,2026-04-20,10,1,INE515A01019,10,2026
COFFEEDAY,Coffee Day Enterprises Limited,EQ,2015-11-02,10,1,INE335K01011,10,2015
COFORGE,Coforge Limited,EQ,2004-08-30,2,1,INE591G01025,2,2004
COHANCE,Cohance Lifesciences Limited,EQ,2020-03-09,1,1,INE03QK01018,1,2020
COLPAL,Colgate Palmolive (India) Limited,EQ,2007-12-17,1,1,INE259A01022,1,2007
COMFINTE,Comfort Intech Limited,EQ,2026-04-20,1,1,INE819A01049,1,2026
COMPEAU,Competent Automobiles Company Limited,EQ,2026-08-17,10,1,INE823B01015,10,2026
COMPINFO,Compuage Infocom Limited,BZ,2016-07-07,2,1,INE070C01037,2,2016
COMPUSOFT,Compucom Software Limited,EQ,2012-03-02,2,1,INE453B01029,2,2012
COMSYN,Commercial Syn Bags Limited,EQ,2024-01-23,10,1,INE073V01015,10,2024
CONCOR,Container Corporation of India Limited,EQ,1997-05-07,5,1,INE111A01025,5,1997
CONCORDBIO,Concord Biotech Limited,EQ,2023-08-18,1,1,INE338H01029,1,2023
CONFIPET,Confidence Petroleum India Limited,EQ,2019-06-13,1,1,INE552D01024,1,2019
CONSOFINVT,Consolidated Finvest & Holdings Limited,BE,2005-03-29,10,1,INE025A01027,10,2005
CONTROLPR,Control Print Limited,EQ,2016-06-24,10,1,INE663B01015,10,2016
CORALFINAC,Coral India Finance & Housing Limited,EQ,1996-03-25,2,1,INE558D01021,2,1996
CORDELIA,Waterways Leisure Tourism Limited,EQ,2026-07-01,1,1,INE0LZF01039,1,2026
CORDSCABLE,Cords Cable Industries Limited,BE,2008-02-13,10,1,INE792I01017,10,2008
COROMANDEL,Coromandel International Limited,EQ,1995-05-31,1,1,INE169A01031,1,1995
CORONA,CORONA Remedies Limited,EQ,2025-12-15,10,1,INE02ZQ01018,10,2025
COSMOFIRST,COSMO FIRST LIMITED,EQ,1995-05-25,10,1,INE757A01017,10,1995
COUNCODOS,Country Condo's Limited,BE,2009-01-22,1,1,INE695B01025,1,2009
CPCAP,CP Capital Limited,EQ,2010-10-06,10,1,INE521J01018,10,2010
CPEDU,Career Point Edutech Limited,EQ,2025-09-05,10,1,INE0P6P01016,10,2025
CPL,Captain Polyplast Limited,EQ,2026-07-23,2,1,INE536P01021,2,2026
CPPLUS,Aditya Infotech Limited,EQ,2025-08-05,1,1,INE819V01029,1,2025
CRAFTSMAN,Craftsman Automation Limited,EQ,2021-03-25,5,1,INE00LO01017,5,2021
CRAMC,Canara Robeco Asset Management Company Limited,EQ,2025-10-16,10,1,INE218I01013,10,2025
CRAVATEX,Cravatex Limited,EQ,2026-08-17,10,1,INE145E01017,10,2026
CREATIVEYE,Creative Eye Limited,EQ,2000-12-20,5,1,INE230B01021,5,2000
CREDITACC,CREDITACCESS GRAMEEN LIMITED,EQ,2018-08-23,10,1,INE741K01010,10,2018
CREST,Crest Ventures Limited,EQ,2006-12-27,10,1,INE559D01011,10,2006
CRESTO,CRESTO TECHNO LIMITED,BE,2020-07-08,10,1,INE203Y01012,10,2020
CRISIL,Crisil Limited,EQ,1995-06-28,1,1,INE007A01025,1,1995
CRIZAC,Crizac Limited,EQ,2025-07-09,2,1,INE0S4R01014,2,2025
CROMPTON,Crompton Greaves Consumer Electricals Limited,EQ,2016-05-13,2,1,INE299U01018,2,2016
CROWN,Crown Lifters Limited,EQ,2022-02-08,10,1,INE491V01019,10,2022
CRSL,Cressanda Railway Solutions Limited,BE,2026-08-17,1,1,INE716D01033,1,2026
CSBBANK,CSB Bank Limited,EQ,2019-12-04,10,1,INE679A01013,10,2019
CSLFINANCE,CSL Finance Limited,EQ,2022-07-21,10,1,INE718F01018,10,2022
CSM,CSM Technologies Limited,EQ,2026-07-02,10,1,INE0ZK601013,10,2026
CTE,Cambridge Technology Enterprises Limited,BE,2007-02-07,10,1,INE627H01017,10,2007
CUB,City Union Bank Limited,EQ,1998-08-25,1,1,INE491A01021,1,1998
CUBEXTUB,Cubex Tubings Limited,BE,1996-04-24,10,1,INE144D01012,10,1996
CUMMINSIND,Cummins India Limited,EQ,1995-03-29,2,1,INE298A01020,2,1995
CUPID,Cupid Limited,EQ,2016-09-16,1,1,INE509F01029,1,2016
CURAA,Cura Technologies Limited,BE,2025-03-21,10,1,INE117B01020,10,2025
CYBERMEDIA,Cyber Media (India) Limited,BE,2005-06-10,10,1,INE278G01037,10,2005
CYBERTECH,Cybertech Systems And Software Limited,BE,1999-01-27,10,1,INE214A01019,10,1999
CYIENT,Cyient Limited,EQ,1998-09-30,5,1,INE136B01020,5,1998
CYIENTDLM,Cyient DLM Limited,EQ,2023-07-10,10,1,INE055S01018,10,2023
DABUR,Dabur India Limited,EQ,1999-04-28,1,1,INE016A01026,1,1999
DAICHI,Dai-Ichi Karkaria Limited,BE,2026-04-20,10,1,INE928C01010,10,2026
DALBHARAT,Dalmia Bharat Limited,EQ,2019-01-22,2,1,INE00R701025,2,2019
DALMIASUG,Dalmia Bharat Sugar and Industries Limited,EQ,1996-01-17,2,1,INE495A01022,2,1996
DAMCAPITAL,Dam Capital Advisors Limited,EQ,2024-12-27,2,1,INE284H01025,2,2024
DAMODARIND,Damodar Industries Limited,BE,2016-07-04,5,1,INE497D01022,5,2016
DANGEE,Dangee Dums Limited,EQ,2020-11-13,1,1,INE688Y01022,1,2020
DATAMATICS,Datamatics Global Services Limited,EQ,2004-05-07,5,1,INE365B01017,5,2004
DATAPATTNS,Data Patterns (India) Limited,EQ,2021-12-24,2,1,INE0IX101010,2,2021
DAVANGERE,Davangere Sugar Company Limited,EQ,2024-01-25,1,1,INE179G01029,1,2024
DBCORP,D.B.Corp Limited,EQ,2010-01-06,10,1,INE950I01011,10,2010
DBEIL,Deepak Builders & Engineers India Limited,EQ,2024-10-28,1,1,INE0OPA01027,1,2024
DBL,Dilip Buildcon Limited,EQ,2016-08-11,10,1,INE917M01012,10,2016
DBOL,Dhampur Bio Organics Limited,EQ,2022-09-08,10,1,INE0I3401014,10,2022
DBREALTY,Valor Estate Limited,EQ,2010-02-24,10,1,INE879I01012,10,2010
DBSTOCKBRO,DB (International) Stock Brokers Limited,BE,2012-02-29,2,1,INE921B01025,2,2012
DCAL,Dishman Carbogen Amcis Limited,EQ,2017-09-21,2,1,INE385W01011,2,2017
DCBBANK,DCB Bank Limited,EQ,2006-10-27,10,1,INE503A01015,10,2006
DCI,Dc Infotech And Communication Limited,EQ,2022-10-19,10,1,INE0A1101019,10,2022
DCM,DCM  Limited,EQ,1995-03-29,10,1,INE498A01018,10,1995
DCMFINSERV,DCM Financial Services Limited,EQ,1997-05-21,10,1,INE891B01012,10,1997
DCMNVL,DCM Nouvelle Limited,EQ,2019-07-16,10,1,INE08KP01019,10,2019
DCMSHRIRAM,DCM Shriram Limited,EQ,1995-04-12,2,1,INE499A01024,2,1995
DCMSIL,DCM Shriram International Limited,EQ,2026-02-17,2,1,INE0OU201013,2,2026
DCMSRIND,DCM Shriram Industries Limited,EQ,2021-12-24,2,1,INE843D01027,2,2021
DCW,DCW Limited,EQ,1995-05-25,2,1,INE500A01029,2,1995
DCXINDIA,DCX Systems Limited,EQ,2022-11-11,2,1,INE0KL801015,2,2022
DDEVPLSTIK,Ddev Plastiks Industries Limited,EQ,2025-01-15,1,1,INE0HR601026,1,2025
DECCANCE,Deccan Cements Limited,EQ,2007-08-02,5,1,INE583C01021,5,2007
DECNGOLD,Deccan Gold Mines Limited,EQ,2026-04-20,1,1,INE945F01025,1,2026
DEEDEV,DEE Development Engineers Limited,EQ,2024-06-26,10,1,INE841L01016,10,2024
DEEP,Deep Polymers Limited,BE,2026-08-17,10,1,INE00IY01012,10,2026
DEEPA,Deepa Jewellers Limited,EQ,2026-09-08,2,1,INE1M2N01020,2,2026
DEEPAKFERT,Deepak Fertilizers and Petrochemicals Corporation Limited,EQ,2003-01-17,10,1,INE501A01019,10,2003
DEEPAKNTR,Deepak Nitrite Limited,EQ,2010-09-29,2,1,INE288B01029,2,2010
DEEPINDS,Deep Industries Limited,EQ,2021-04-27,5,1,INE0FHS01024,5,2021
DELHIVERY,Delhivery Limited,EQ,2022-05-24,1,1,INE148O01028,1,2022
DELPHIFX,DELPHI WORLD MONEY LIMITED,BE,2011-06-28,2,1,INE726L01027,2,2011
DELTACORP,Delta Corp Limited,EQ,2007-11-02,1,1,INE124G01033,1,2007
DELTAMAGNT,Delta Manufacturing Limited,EQ,1995-10-18,10,1,INE393A01011,10,1995
DEN,Den Networks Limited,EQ,2009-11-24,10,1,INE947J01015,10,2009
DENORA,De Nora India Limited,EQ,1997-08-07,10,1,INE244A01016,10,1997
DENTA,Denta Water and Infra Solutions Limited,EQ,2025-01-29,10,1,INE0R4L01018,10,2025
DEVIT,Dev Information Technology Limited,EQ,2022-02-15,2,1,INE060X01034,2,2022
DEVX,Dev Accelerator Limited,EQ,2025-09-17,2,1,INE0VOV01021,2,2025
DEVYANI,Devyani International Limited,EQ,2021-08-16,1,1,INE872J01023,1,2021
DGCONTENT,Digicontent Limited,EQ,2019-06-18,2,1,INE03JI01017,2,2019
DHABRIYA,Dhabriya Polywood Limited,BE,2026-08-17,10,1,INE260R01016,10,2026
DHAMPURSUG,Dhampur Sugar Mills Limited,EQ,1995-03-29,10,1,INE041A01016,10,1995
DHANBANK,Dhanlaxmi Bank Limited,EQ,2004-04-01,10,1,INE680A01011,10,2004
DHANUKA,Dhanuka Agritech Limited,EQ,2011-06-29,2,1,INE435G01025,2,2011
DHARAN,DHARAN INFRA-EPC LIMITED,BZ,2018-04-02,1,1,INE278R01034,1,2018
DHARMAJ,Dharmaj Crop Guard Limited,EQ,2022-12-08,10,1,INE00OQ01016,10,2022
DHATRE,Dhatre Udyog Limited,EQ,2026-08-17,1,1,INE715T01031,1,2026
DHOOTTRANS,Dhoot Transmission Limited,EQ,2026-08-17,2,1,INE01NH01023,2,2026
DHRUV,Dhruv Consultancy Services Limited,EQ,2021-11-25,10,1,INE506Z01015,10,2021
DHUNINV,Dhunseri Investments Limited,EQ,2011-03-18,10,1,INE320L01011,10,2011
DIACABS,Diamond Power Infrastructure Limited,BE,2023-09-15,1,1,INE989C01038,1,2023
DIAMINESQ,Diamines & Chemicals Limited,EQ,2023-09-25,10,1,INE591D01014,10,2023
DIAMONDYD,Prataap Snacks Limited,EQ,2017-10-05,5,1,INE393P01035,5,2017
DICIND,DIC India Limited,EQ,1995-08-30,10,1,INE303A01010,10,1995
DIFFNKG,Diffusion Engineers Limited,EQ,2024-10-04,10,1,INE184O01015,10,2024
DIGIDRIVE,Digidrive Distributors Limited,EQ,2024-01-10,10,1,INE0PSC01024,10,2024
DIGISPICE,DiGiSPICE Technologies Limited,EQ,2008-05-27,3,1,INE927C01020,3,2008
DIGITIDE,Digitide Solutions Limited,EQ,2025-06-11,10,1,INE0U4701011,10,2025
DIGJAMLMTD,Digjam Limited,BE,2021-10-18,10,1,INE731U01028,10,2021
DISAQ,Disa India Limited,EQ,2026-04-20,10,1,INE131C01011,10,2026
DISHTV,Dish TV India Limited,EQ,2007-04-18,1,1,INE836F01026,1,2007
DIVGIITTS,Divgi Torqtransfer Systems Limited,EQ,2023-03-14,5,1,INE753U01022,5,2023
DIVISLAB,Divi's Laboratories Limited,EQ,2003-03-12,2,1,INE361B01024,2,2003
DIXON,Dixon Technologies (India) Limited,EQ,2017-09-18,2,1,INE935N01020,2,2017
DJML,DJ Mediaprint & Logistics Limited,EQ,2022-12-05,10,1,INE0B1K01014,10,2022
DLF,DLF Limited,EQ,2007-07-05,2,1,INE271C01023,2,2007
DLINKINDIA,D-Link (India) Limited,EQ,2009-12-18,2,1,INE250K01012,2,2009
DMART,Avenue Supermarts Limited,EQ,2017-03-21,10,1,INE192R01011,10,2017
DMCC,DMCC SPECIALITY CHEMICALS LIMITED,EQ,2021-12-01,10,1,INE505A01010,10,2021
DNAMEDIA,Diligent Media Corporation Limited,EQ,2017-12-11,1,1,INE016M01021,1,2017
DODLA,Dodla Dairy Limited,EQ,2021-06-28,10,1,INE021O01019,10,2021
DOLATALGO,Dolat Algotech Limited,EQ,2024-01-12,1,1,INE966A01022,1,2024
DOLLAR,Dollar Industries Limited,EQ,2017-04-21,2,1,INE325C01035,2,2017
DOLLEX,Dollex Agrotech Limited,EQ,2026-09-11,10,1,INE0JHH01011,10,2026
DOLPHIN,Dolphin Offshore Enterprises (India) Limited,EQ,2023-08-21,1,1,INE920A01037,1,2023
DOMS,DOMS Industries Limited,EQ,2023-12-20,10,1,INE321T01012,10,2023
DONEAR,Donear Industries Limited,EQ,2006-12-20,2,1,INE668D01028,2,2006
DPABHUSHAN,D. P. Abhushan Limited,EQ,2020-11-03,10,1,INE266Y01019,10,2020
DPSCLTD,DPSC Limited,BE,2008-04-21,1,1,INE360C01024,1,2008
DPWIRES,D P Wires Limited,BE,2020-01-17,10,1,INE864X01013,10,2020
DRAGARWQ,Dr Agarwals Eye Hospital Limited,EQ,2026-04-20,10,1,INE934C01018,10,2026
DRCSYSTEMS,DRC Systems India Limited,EQ,2021-03-10,1,1,INE03RS01027,1,2021
DREAMFOLKS,Dreamfolks Services Limited,EQ,2022-09-06,2,1,INE0JS101016,2,2022
DREDGECORP,Dredging Corporation of India Limited,EQ,2004-01-15,10,1,INE506A01018,10,2004
DRREDDY,Dr. Reddy's Laboratories Limited,EQ,2003-05-30,1,1,INE089A01031,1,2003
DSFCL,DCM Shriram Fine Chemicals Limited,BE,2026-02-17,2,1,INE0OFM01015,2,2026
DSKULKARNI,DS Kulkarni Developers Limited,BE,1995-02-08,10,1,INE891A01022,10,1995
DSSL,Dynacons Systems & Solutions Limited,EQ,2011-12-01,10,1,INE417B01040,10,2011
DTIL,Dhunseri Tea & Industries Limited,BE,2015-01-20,10,1,INE341R01014,10,2015
DUCON,Ducon Infratechnologies Limited,EQ,2012-10-09,1,1,INE741L01018,1,2012
DVL,Dhunseri Ventures Limited,EQ,2008-01-11,10,1,INE477B01010,10,2008
DWARKESH,Dwarikesh Sugar Industries Limited,EQ,2004-12-31,1,1,INE366A01041,1,2004
DYCL,Dynamic Cables Limited,EQ,2022-07-27,10,1,INE600Y01019,10,2022
DYNAMATECH,Dynamatic Technologies Limited,EQ,2006-09-14,10,1,INE221B01012,10,2006
DYNPRO,Dynemic Products Limited,EQ,2017-07-19,10,1,INE256H01015,10,2017
E2E,E2E Networks Limited,BE,2022-04-12,1,1,INE255Z01027,1,2022
EASEMYTRIP,Easy Trip Planners Limited,EQ,2021-03-19,1,1,INE07O001026,1,2021
EASTSILK,Eastern Silk Industries Limited,BE,1996-07-03,2,1,INE962C01035,2,1996
EASTWEST,East West Freight Carriers Limited,EQ,2026-08-17,2,1,INE595R01023,2,2026
EBGNG,GNG Electronics Limited,EQ,2025-07-30,2,1,INE18JU01028,2,2025
EBIX,EBIX Limited,BE,2026-08-17,1,1,INE432F01032,1,2026
ECLERX,eClerx Services Limited,EQ,2007-12-31,10,1,INE738I01010,10,2007
ECORECO,Eco Recycling Limited,EQ,2026-08-17,10,1,INE316A01038,10,2026
ECOSMOBLTY,Ecos (India) Mobility & Hospitality Limited,EQ,2024-09-04,2,1,INE06HJ01020,2,2024
EDELWEISS,Edelweiss Financial Services Limited,EQ,2007-12-12,1,1,INE532F01054,1,2007
EFCIL,EFC (I) Limited,EQ,2025-08-20,2,1,INE886D01026,2,2025
EICHERMOT,Eicher Motors Limited,EQ,2004-09-07,1,1,INE066A01021,1,2004
EIDPARRY,EID Parry India Limited,EQ,1995-05-10,1,1,INE126A01031,1,1995
EIEL,Enviro Infra Engineers Limited,EQ,2024-11-29,10,1,INE0LLY01014,10,2024
EIFFL,Euro India Fresh Foods Limited,BE,2021-10-12,10,1,INE546V01010,10,2021
EIHAHOTELS,EIH Associated Hotels Limited,EQ,2008-04-08,10,1,INE276C01014,10,2008
EIHOTEL,EIH Limited,EQ,1995-02-08,2,1,INE230A01023,2,1995
EIMCOELECO,Eimco Elecon (India) Limited,EQ,1996-04-17,10,1,INE158B01016,10,1996
EKC,Everest Kanto Cylinder Limited,EQ,2005-12-15,2,1,INE184H01027,2,2005
EKI,EKI Energy Services Limited,BE,2026-08-17,10,1,INE0CPR01018,10,2026
ELANTAS,Elantas Beck India Limited,EQ,2026-04-20,10,1,INE280B01018,10,2026
ELCIDIN,EL CID Investments Limited,EQ,2026-04-20,10,1,INE927X01018,10,2026
ELDEHSG,Eldeco Housing And Industries Limited,EQ,2022-04-12,2,1,INE668G01021,2,2022
ELECON,Elecon Engineering Company Limited,EQ,2006-09-29,1,1,INE205B01031,1,2006
ELECTCAST,Electrosteel Castings Limited,EQ,2003-06-20,1,1,INE086A01029,1,2003
ELECTHERM,Electrotherm (India) Limited,EQ,2007-08-20,10,1,INE822G01016,10,2007
ELEVATE,Elevate Campuses Limited,EQ,2026-09-30,1,1,INE147X01013,1,2026
ELGIEQUIP,Elgi Equipments Limited,EQ,1995-11-22,1,1,INE285A01027,1,1995
ELGIRUBCO,Elgi Rubber Company Limited,EQ,2011-08-10,1,1,INE819L01012,1,2011
ELIN,Elin Electronics Limited,EQ,2022-12-30,5,1,INE050401020,5,2022
ELITECON,Elitecon International Limited,EQ,2026-04-20,1,1,INE669R01026,1,2026
ELLEN,Ellenbarrie Industrial Gases Limited,EQ,2025-07-01,2,1,INE236E01022,2,2025
ELPROINTL,Elpro International Limited,EQ,2026-04-20,1,1,INE579B01039,1,2026
EMAMILTD,Emami Limited,EQ,2006-08-03,1,1,INE548C01032,1,2006
EMAMIPAP,Emami Paper Mills Limited,BE,2019-05-30,2,1,INE830C01026,2,2019
EMAMIREAL,Emami Realty Limited,EQ,2010-07-28,2,1,INE778K01012,2,2010
EMBDL,Embassy Developments Limited,EQ,2007-03-23,2,1,INE069I01010,2,2007
EMCURE,Emcure Pharmaceuticals Limited,EQ,2024-07-10,10,1,INE168P01015,10,2024
EMIL,Electronics Mart India Limited,EQ,2022-10-17,10,1,INE02YR01019,10,2022
EMKAY,Emkay Global Financial Services Limited,EQ,2006-04-28,10,1,INE296H01011,10,2006
EMMBI,Emmbi Industries Limited,BE,2010-02-24,10,1,INE753K01015,10,2010
EMMVEE,Emmvee Photovoltaic Power Limited,EQ,2025-11-18,2,1,INE1C6T01020,2,2025
EMPIND,Empire Industries Limited,EQ,2026-08-17,10,1,INE515H01014,10,2026
EMPOWER,Empower India Limited,EQ,2026-04-20,1,1,INE507F01023,1,2026
EMSLIMITED,EMS Limited,EQ,2023-09-21,10,1,INE0OV601013,10,2023
EMUDHRA,eMudhra Limited,EQ,2022-06-01,5,1,INE01QM01018,5,2022
ENDURANCE,Endurance Technologies Limited,EQ,2016-10-19,10,1,INE913H01037,10,2016
ENERGYDEV,Energy Development Company Limited,EQ,2007-11-02,10,1,INE306C01019,10,2007
ENGINERSIN,Engineers India Limited,EQ,1997-08-20,5,1,INE510A01028,5,1997
ENIL,Entertainment Network (India) Limited,EQ,2006-02-15,10,1,INE265F01028,10,2006
ENKEIWHEL,Enkei Wheels (India) Limited,EQ,2026-08-17,5,1,INE130L01014,5,2026
ENRIN,Siemens Energy India Limited,EQ,2025-06-19,2,1,INE1NPP01017,2,2025
ENTERO,Entero Healthcare Solutions Limited,EQ,2024-02-16,10,1,INE010601016,10,2024
EPACK,EPACK Durable Limited,EQ,2024-01-30,10,1,INE0G5901015,10,2024
EPACKPEB,EPack Prefab Technologies Limited,EQ,2025-10-01,2,1,INE0MLS01022,2,2025
EPIGRAL,Epigral Limited,EQ,2021-08-18,10,1,INE071N01016,10,2021
EPL,EPL Limited,EQ,2002-02-11,2,1,INE255A01020,2,2002
EQUIPPP,Equippp Social Impact Technologies Limited,BE,2021-05-19,1,1,INE217G01035,1,2021
EQUITASBNK,Equitas Small Finance Bank Limited,EQ,2020-11-02,10,1,INE063P01018,10,2020
ERIS,Eris Lifesciences Limited,EQ,2017-06-29,1,1,INE406M01024,1,2017
ESABINDIA,Esab India Limited,EQ,1995-11-01,10,1,INE284A01012,10,1995
ESAFSFB,ESAF Small Finance Bank Limited,BE,2023-11-10,10,1,INE818W01011,10,2023
ESCORTS,Escorts Kubota Limited,EQ,1995-03-01,10,1,INE042A01014,10,1995
ESDS,ESDS Software Solution Limited,EQ,2026-09-04,1,1,INE0DRI01029,1,2026
ESSARSHPNG,Essar Shipping Limited,EQ,2011-11-15,10,1,INE122M01019,10,2011
ESSENTIA,Integra Essentia Limited,EQ,2013-08-20,1,1,INE418N01035,1,2013
ESTER,Ester Industries Limited,EQ,2011-06-20,5,1,INE778B01029,5,2011
ETERNAL,ETERNAL LIMITED,EQ,2021-07-23,1,1,INE758T01015,1,2021
ETHOSLTD,Ethos Limited,EQ,2022-05-30,10,1,INE04TZ01018,10,2022
EUREKAFORB,Eureka Forbes Limited,EQ,2024-09-11,10,1,INE0KCE01017,10,2024
EUROBOND,Euro Panel Products Limited,EQ,2025-08-01,10,1,INE505V01016,10,2025
EUROPRATIK,Euro Pratik Sales Limited,EQ,2025-09-23,1,1,INE198501012,1,2025
EUROTEXIND,Eurotex Industries and Exports Limited,EQ,1996-01-31,10,1,INE022C01012,10,1996
EVEREADY,Eveready Industries India Limited,EQ,2005-04-27,5,1,INE128A01029,5,2005
EVERESTIND,Everest Industries Limited,BE,1995-03-29,10,1,INE295A01018,10,1995
EXCELINDUS,Excel Industries Limited,EQ,2004-06-16,5,1,INE369A01029,5,2004
EXCELSOFT,Excelsoft Technologies Limited,EQ,2025-11-26,10,1,INE606N01019,10,2025
EXICOM,Exicom Tele-Systems Limited,EQ,2024-03-05,10,1,INE777F01014,10,2024
EXIDEIND,Exide Industries Limited,EQ,2003-06-17,1,1,INE302A01020,1,2003
EXPLEOSOL,Expleo Solutions Limited,EQ,2009-10-26,10,1,INE201K01015,10,2009
EXXARO,Exxaro Tiles Limited,EQ,2021-08-16,1,1,INE0GFE01026,1,2021
FABTECH,Fabtech Technologies Limited,EQ,2025-10-07,10,1,INE0HF201011,10,2025
FACT,Fertilizers and Chemicals Travancore Limited,EQ,1995-04-12,10,1,INE188A01015,10,1995
FAIRCHEMOR,Fairchem Organics Limited,BE,2020-12-24,10,1,INE0DNW01011,10,2020
FAZE3Q,Faze Three Limited,EQ,2022-11-18,10,1,INE963C01033,10,2022
FCL,Fineotex Chemical Limited,EQ,2015-01-15,1,1,INE045J01034,1,2015
FCSSOFT,FCS Software Solutions Limited,EQ,2005-09-21,1,1,INE512B01022,1,2005
FDC,FDC Limited,EQ,1997-08-07,1,1,INE258B01022,1,1997
FEDDERSHOL,Fedders Holding Limited,EQ,2026-04-20,1,1,INE417D01020,1,2026
FEDERALBNK,The Federal Bank  Limited,EQ,1995-02-08,2,1,INE171A01029,2,1995
FEDFINA,Fedbank Financial Services Limited,EQ,2023-11-30,10,1,INE007N01010,10,2023
FEL,Future Enterprises Limited,BZ,2001-11-05,2,1,INE623B01027,2,2001
FELDVR,Future Enterprises Limited,BZ,2009-02-13,2,1,IN9623B01058,2,2009
FERMENTA,Fermenta Biotech Limited,EQ,2026-08-04,5,1,INE225B01021,5,2026
FIBERWEB,Fiberweb (India) Limited,EQ,2022-02-16,10,1,INE296C01020,10,2022
FIEMIND,Fiem Industries Limited,EQ,2006-10-19,10,1,INE737H01014,10,2006
FILATEX,Filatex India Limited,EQ,2011-08-29,1,1,INE816B01035,1,2011
FILATFASH,Filatex Fashions Limited,EQ,2024-05-06,1,1,INE185E01021,1,2024
FINCABLES,Finolex Cables Limited,EQ,1995-02-15,2,1,INE235A01022,2,1995
FINEORG,Fine Organic Industries Limited,EQ,2018-07-02,5,1,INE686Y01026,5,2018
FINKURVE,Finkurve Financial Services Limited,EQ,2025-10-01,1,1,INE734I01027,1,2025
FINOPB,Fino Payments Bank Limited,EQ,2021-11-12,10,1,INE02NC01014,10,2021
FINPIPE,Finolex Industries Limited,EQ,1995-02-08,2,1,INE183A01024,2,1995
FIRSTCRY,Brainbees Solutions Limited,EQ,2024-08-13,2,1,INE02RE01045,2,2024
FISCHER,Fischer Medical Ventures Limited,EQ,2025-07-10,1,1,INE771F01041,1,2025
FIVESTAR,Five-Star Business Finance Limited,EQ,2022-11-21,1,1,INE128S01021,1,2022
FLAIR,Flair Writing Industries Limited,EQ,2023-12-01,5,1,INE00Y201027,5,2023
FLEXITUFF,Flexituff Ventures International Limited,BE,2011-10-19,10,1,INE060J01017,10,2011
FLFL,Future Lifestyle Fashions Limited,BZ,2013-10-01,2,1,INE452O01016,2,2013
FLUOROCHEM,Gujarat Fluorochemicals Limited,EQ,2019-10-16,1,1,INE09N301011,1,2019
FMGOETZE,Federal-Mogul Goetze (India) Limited.,EQ,1995-02-08,10,1,INE529A01010,10,1995
FMNL,Future Market Networks Limited,EQ,2010-12-31,10,1,INE360L01017,10,2010
FOCUS,Focus Lighting and Fixtures Limited,BE,2021-11-24,2,1,INE593W01028,2,2021
FOODSIN,Foods & Inns Limited,EQ,2021-11-16,1,1,INE976E01023,1,2021
FORCEMOT,FORCE MOTORS LTD,EQ,2024-02-14,10,1,INE451A01017,10,2024
FORTIS,Fortis Healthcare Limited,EQ,2007-05-09,10,1,INE061F01013,10,2007
FOSECOIND,Foseco India Limited,EQ,2003-05-05,10,1,INE519A01011,10,2003
FRACTAL,Fractal Analytics Limited,EQ,2026-02-16,1,1,INE212S01015,1,2026
FREDUN,Fredun Pharmaceuticals Limited,EQ,2026-08-17,10,1,INE194R01017,10,2026
FRONTSP,Frontier Springs Limited,EQ,2026-04-20,10,1,INE572D01014,10,2026
FSL,Firstsource Solutions Limited,EQ,2007-02-22,10,1,INE684F01012,10,2007
FUSION,Fusion Finance Limited,EQ,2022-11-15,10,1,INE139R01012,10,2022
GABRIEL,Gabriel India Limited,EQ,2005-04-20,1,1,INE524A01029,1,2005
GAEL,Gujarat Ambuja Exports Limited,EQ,2000-10-11,1,1,INE036B01030,1,2000
GAIL,GAIL (India) Limited,EQ,1997-04-02,10,1,INE129A01019,10,1997
GAJA,Gaja Alternative Asset Management Limited,EQ,2026-08-26,5,1,INE18UN01038,5,2026
GALAPREC,Gala Precision Engineering Limited,EQ,2024-09-09,10,1,INE0RE001014,10,2024
GALAXYSURF,Galaxy Surfactants Limited,EQ,2018-02-08,10,1,INE600K01018,10,2018
GALLANTT,Gallantt Ispat Limited,EQ,2006-04-04,10,1,INE297H01019,10,2006
GANDHAR,Gandhar Oil Refinery (India) Limited,EQ,2023-11-30,2,1,INE717W01049,2,2023
GANDHITUBE,Gandhi Special Tubes Limited,EQ,2007-01-31,5,1,INE524B01027,5,2007
GANECOS,Ganesha Ecosphere Limited,EQ,2015-03-09,10,1,INE845D01014,10,2015
GANESHBE,Ganesh Benzoplast Limited,BE,2021-09-16,1,1,INE388A01029,1,2021
GANESHCP,Ganesh Consumer Products Limited,EQ,2025-09-29,10,1,INE652V01016,10,2025
GANESHHOU,GANESH HOUSING LIMITED,EQ,2007-03-02,10,1,INE460C01014,10,2007
GANGAFORGE,Ganga Forging Limited,EQ,2021-07-06,1,1,INE691Z01023,1,2021
GANGESSECU,Ganges Securities Limited,EQ,2017-07-28,10,1,INE335W01016,10,2017
GARFIBRES,Garware Technical Fibres Limited,EQ,2007-04-03,10,1,INE276A01018,10,2007
GARUDA,Garuda Construction and Engineering Limited,EQ,2024-10-15,5,1,INE0JVO01026,5,2024
GATECH,GACM Technologies Limited,BE,2016-07-25,1,1,INE224E01028,1,2016
GATECHDVR,GACM Technologies Limited,BE,2017-10-10,1,1,INE224E01036,1,2017
GATEWAY,Gateway Distriparks Limited,EQ,2022-03-22,10,1,INE079J01017,10,2022
GAUDIUMIVF,Gaudium IVF and Women Health Limited,EQ,2026-02-27,5,1,INE0P8B01020,5,2026
GAYAHWS,Gayatri Highways Limited,EQ,2018-06-28,2,1,INE287Z01012,2,2018
GAYAPROJ,Gayatri Projects Limited,EQ,2011-08-22,2,1,INE336H01023,2,2011
GCSL,Gretex Corporate Services Limited,EQ,2025-09-04,10,1,INE199P01028,10,2025
GEECEE,GeeCee Ventures Limited,BE,2006-10-04,10,1,INE916G01016,10,2006
GEEKAYWIRE,Geekay Wires Limited,EQ,2020-03-06,1,1,INE669X01032,1,2020
GEMAROMA,Gem Aromatics Limited,EQ,2025-08-26,2,1,INE06XZ01023,2,2025
GENCON,Generic Engineering Construction and Projects Limited,EQ,2021-02-16,5,1,INE854S01022,5,2021
GENESYS,Genesys International Corporation Limited,EQ,2003-01-23,5,1,INE727B01026,5,2003
GENSOL,Gensol Engineering Limited,BZ,2023-07-03,10,1,INE06H201014,10,2023
GENUSPAPER,Genus Paper & Boards Limited,EQ,2015-02-16,1,1,INE949P01018,1,2015
GENUSPOWER,Genus Power Infrastructures Limited,EQ,2005-07-08,1,1,INE955D01029,1,2005
GEOJITFSL,Geojit Financial Services Limited,EQ,2005-07-01,1,1,INE007B01023,1,2005
GESHIP,The Great Eastern Shipping Company Limited,EQ,2006-11-27,10,1,INE017A01032,10,2006
GFLLIMITED,GFL Limited,EQ,1995-05-25,1,1,INE538A01037,1,1995
GFSTEELS,Grand Foundry Limited,BE,2019-07-22,4,1,INE534A01028,4,2019
GHCL,GHCL Limited,EQ,2003-07-31,10,1,INE539A01019,10,2003
GHCLTEXTIL,GHCL Textiles Limited,EQ,2023-06-12,2,1,INE0PA801013,2,2023
GICHSGFIN,GIC Housing Finance Limited,EQ,1996-05-08,10,1,INE289B01019,10,1996
GICL,Globe International Carriers Limited,BE,2026-02-18,5,1,INE947T01022,5,2026
GICRE,General Insurance Corporation of India,EQ,2017-10-25,5,1,INE481Y01014,5,2017
GILLANDERS,Gillanders Arbuthnot & Company Limited,EQ,2009-12-14,10,1,INE047B01011,10,2009
GILLETTE,Gillette India Limited,EQ,2003-07-30,10,1,INE322A01010,10,2003
GINNIFILA,Ginni Filaments Limited,BE,1995-05-10,10,1,INE424C01010,10,1995
GIPCL,Gujarat Industries Power Company Limited,EQ,1995-02-08,10,1,INE162A01010,10,1995
GKB,GKB Ophthalmics Limited,EQ,2026-08-17,10,1,INE265D01015,10,2026
GKENERGY,GK Energy Limited,EQ,2025-09-26,2,1,INE1AG301022,2,2025
GKSL,Gujarat Kidney And Super Speciality Limited,EQ,2025-12-30,2,1,INE0V0W01025,2,2025
GKWLIMITED,GKW Limited,EQ,2009-07-20,10,1,INE528A01020,10,2009
GLAND,Gland Pharma Limited,EQ,2020-11-20,1,1,INE068V01023,1,2020
GLASSWALL,Glass Wall Systems (India) Limited,EQ,2026-09-16,2,1,INE644Q01039,2,2026
GLAXO,GlaxoSmithKline Pharmaceuticals Limited,EQ,2000-12-15,10,1,INE159A01016,10,2000
GLENMARK,Glenmark Pharmaceuticals Limited,EQ,2000-02-07,1,1,INE935A01035,1,2000
GLFL,Gujarat Lease Financing Limited,EQ,1995-02-08,10,1,INE540A01017,10,1995
GLOBAL,Global Education Limited,EQ,2020-12-07,2,1,INE291W01037,2,2020
GLOBALE,Globale Tessile Limited,EQ,2024-08-27,10,1,INE0URU01010,10,2024
GLOBALVECT,Global Vectra Helicorp Limited,EQ,2006-10-27,10,1,INE792H01019,10,2006
GLOBE,GLOBE ENTERPRISES (INDIA) LIMITED,EQ,2020-10-07,2,1,INE581X01021,2,2020
GLOBECIVIL,Globe Civil Projects Limited,EQ,2025-07-01,10,1,INE0V3U01015,10,2025
GLOBUSSPR,Globus Spirits Limited,EQ,2009-09-23,10,1,INE615I01010,10,2009
GLOSTERLTD,Gloster Limited,EQ,2024-04-26,10,1,INE350Z01018,10,2024
GLOTTIS,Glottis Limited,EQ,2025-10-07,2,1,INE0TQE01026,2,2025
GMBREW,GM Breweries Limited,EQ,1995-08-23,10,1,INE075D01018,10,1995
GMDCLTD,Gujarat Mineral Development Corporation Limited,EQ,1997-12-17,2,1,INE131A01031,2,1997
GMMPFAUDLR,GMM Pfaudler Limited,EQ,2018-03-05,2,1,INE541A01023,2,2018
GMRAIRPORT,GMR AIRPORTS LIMITED,EQ,2006-08-21,1,1,INE776C01039,1,2006
GMRP&UI,GMR Power and Urban Infra Limited,EQ,2022-03-23,5,1,INE0CU601026,5,2022
GNA,GNA Axles Limited,EQ,2016-09-26,10,1,INE934S01014,10,2016
GNFC,Gujarat Narmada Valley Fertilizers and Chemicals Limited,EQ,1995-05-17,10,1,INE113A01013,10,1995
GNRL,Gujarat Natural Resources Limited,EQ,2026-04-20,10,1,INE207H01018,10,2026
GOACARBON,Goa Carbon Limited,EQ,2007-06-05,10,1,INE426D01013,10,2007
GOCLCORP,GOCL Corporation Limited,EQ,2014-06-26,2,1,INE077F01035,2,2014
GOCOLORS,Go Fashion (India) Limited,EQ,2021-11-30,10,1,INE0BJS01011,10,2021
GODAVARIB,Godavari Biorefineries Limited,EQ,2024-10-30,10,1,INE497S01012,10,2024
GODFRYPHLP,Godfrey Phillips India Limited,EQ,1996-07-24,2,1,INE260B01028,2,1996
GODIGIT,Go Digit General Insurance Limited,EQ,2024-05-23,10,1,INE03JT01014,10,2024
GODREJAGRO,Godrej Agrovet Limited,EQ,2017-10-16,10,1,INE850D01014,10,2017
GODREJCP,Godrej Consumer Products Limited,EQ,2001-06-20,1,1,INE102D01028,1,2001
GODREJIND,Godrej Industries Limited,EQ,2003-02-25,1,1,INE233A01035,1,2003
GODREJPROP,Godrej Properties Limited,EQ,2010-01-05,5,1,INE484J01027,5,2010
GOKEX,Gokaldas Exports Limited,EQ,2005-04-27,5,1,INE887G01027,5,2005
GOKUL,Gokul Refoils and Solvent Limited,EQ,2008-06-04,2,1,INE020J01029,2,2008
GOKULAGRO,Gokul Agro Resources Limited,EQ,2016-03-11,1,1,INE314T01033,1,2016
GOLDENTOBC,Golden Tobacco Limited,BZ,1995-02-08,10,1,INE973A01010,10,1995
GOLDIAM,Goldiam International Limited,EQ,2005-08-29,2,1,INE025B01025,2,2005
GOLDTECH,AION-TECH SOLUTIONS LIMITED,BE,2001-04-11,10,1,INE805A01014,10,2001
GOODLUCK,Goodluck India Limited,EQ,2015-01-08,2,1,INE127I01024,2,2015
GOODYEAR,Goodyear India Limited,EQ,2026-04-20,10,1,INE533A01012,10,2026
GOPAL,Gopal Snacks Limited,EQ,2024-03-14,1,1,INE0L9R01028,1,2024
GOYALALUM,Goyal Aluminiums Limited,EQ,2022-11-04,1,1,INE705X01026,1,2022
GPIL,Godawari Power And Ispat limited,EQ,2006-04-25,1,1,INE177H01039,1,2006
GPPL,Gujarat Pipavav Port Limited,EQ,2010-09-09,10,1,INE517F01014,10,2010
GPTHEALTH,GPT Healthcare Limited,EQ,2024-02-29,10,1,INE486R01017,10,2024
GPTINFRA,GPT Infraprojects Limited,EQ,2016-07-11,10,1,INE390G01014,10,2016
GRADIENTE,Gradiente Infotainment Limited,BE,2026-05-08,10,1,INE361K01017,10,2026
GRANDOAK,Grand Oak Canyons Distillery Limited,EQ,2026-04-20,10,1,INE926B01016,10,2026
GRANULES,Granules India Limited,EQ,2005-06-20,1,1,INE101D01020,1,2005
GRAPHITE,Graphite India Limited,EQ,2003-02-07,2,1,INE371A01025,2,2003
GRASIM,Grasim Industries Limited,EQ,1995-05-10,2,1,INE047A01021,2,1995
GRAUWEIL,Grauer & Weil India Limited,EQ,2026-04-20,1,1,INE266D01021,1,2026
GRAVISSHO,Graviss Hospitality Limited,BE,2026-04-20,2,1,INE214F01026,2,2026
GRAVITA,Gravita India Limited,EQ,2010-11-16,2,1,INE024L01027,2,2010
GREAVESCOT,Greaves Cotton Limited,EQ,2004-09-09,2,1,INE224A01026,2,2004
GREENLAM,Greenlam Industries Limited,EQ,2015-03-02,1,1,INE544R01021,1,2015
GREENPANEL,Greenpanel Industries Limited,EQ,2019-10-23,1,1,INE08ZM01014,1,2019
GREENPLY,Greenply Industries Limited,EQ,1996-03-06,1,1,INE461C01038,1,1996
GREENPOWER,Orient Green Power Company Limited,EQ,2010-10-08,10,1,INE999K01014,10,2010
GRINDWELL,Grindwell Norton Limited,EQ,2006-09-11,5,1,INE536A01023,5,2006
GRINFRA,G R Infraprojects Limited,EQ,2021-07-19,5,1,INE201P01022,5,2021
GRMOVER,GRM Overseas Limited,EQ,2022-09-07,2,1,INE192H01020,2,2022
GROBTEA,The Grob Tea Company Limited,EQ,2016-07-14,10,1,INE646C01018,10,2016
GROWW,Billionbrains Garage Ventures Limited,EQ,2025-11-12,2,1,INE0HOQ01053,2,2025
GRPLTD,GRP Limited,EQ,2015-02-12,10,1,INE137I01015,10,2015
GRSE,Garden Reach Shipbuilders & Engineers Limited,EQ,2018-10-10,10,1,INE382Z01011,10,2018
GRWRHITECH,Garware Hi-Tech Films Limited,EQ,2022-02-03,10,1,INE291A01017,10,2022
GSFC,Gujarat State Fertilizers & Chemicals Limited,EQ,1995-09-06,2,1,INE026A01025,2,1995
GSLSU,Global Surfaces Limited,EQ,2023-03-23,10,1,INE0JSX01015,10,2023
GSPCROP,GSP Crop Science Limited,EQ,2026-03-24,10,1,INE713R01022,10,2026
GSPLTRANS,GSPL Transmission Limited,BE,2026-09-30,10,1,INE1TUG01013,10,2026
GSS,GSS Infotech Limited,EQ,2008-03-07,10,1,INE871H01011,10,2008
GTECJAINX,G-TEC JAINX EDUCATION LIMITED,EQ,2020-11-13,10,1,INE586X01012,10,2020
GTL,GTL Limited,EQ,1995-03-29,10,1,INE043A01012,10,1995
GTLINFRA,GTL Infrastructure Limited,EQ,2006-11-09,10,1,INE221H01019,10,2006
GTPL,GTPL Hathway Limited,EQ,2017-07-04,10,1,INE869I01013,10,2017
GUFICBIO,Gufic Biosciences Limited,EQ,2004-10-19,1,1,INE742B01025,1,2004
GUJALKALI,Gujarat Alkalies and Chemicals Limited,EQ,1997-08-07,10,1,INE186A01019,10,1997
GUJAPOLLO,Gujarat Apollo Industries Limited,EQ,2007-06-04,10,1,INE826C01016,10,2007
GUJENERGY,GUJARAT ENERGY LIMITED,EQ,2015-09-15,2,1,INE844O01030,2,2015
GUJRAFFIA,Gujarat Raffia Industries Limited,EQ,1996-10-09,10,100,INE610B01024,10,1996
GUJTHEM,Gujarat Themis Biosyn Limited,EQ,2025-02-25,1,1,INE942C01045,1,2025
GULFOILLUB,Gulf Oil Lubricants India Limited,EQ,2014-07-31,2,1,INE635Q01029,2,2014
GULFPETRO,GP Petroleums Limited,BE,2004-09-24,5,1,INE586G01017,5,2004
GULPOLY,Gulshan Polyols Limited,EQ,2015-01-28,1,1,INE255D01024,1,2015
GVKPIL,GVK Power & Infrastructure Limited,BE,2006-02-27,1,1,INE251H01024,1,2006
GVPIL,GE Power India Limited,EQ,2000-04-19,10,1,INE878A01011,10,2000
GVPTECH,GVP Infotech Limited,BE,2022-09-06,2,1,INE382T01030,2,2022
GVT&D,GE Vernova T&D India Limited,EQ,2008-06-30,2,1,INE200A01026,2,2008
GYFTR,Gyftr Limited,EQ,2026-07-10,10,1,INE724A01017,10,2026
HAL,Hindustan Aeronautics Limited,EQ,2018-03-28,5,1,INE066F01020,5,2018
HALDER,Halder Venture Limited,EQ,2026-01-19,10,1,INE115S01010,10,2026
HALDYNGL,Haldyn Glass Limited,EQ,2026-04-20,1,1,INE506D01020,1,2026
HALEOSLABS,HALEOS LABS LIMITED,EQ,2017-08-17,10,1,INE320X01016,10,2017
HAMPTON,Hampton Sky Realty Limited,EQ,2026-08-17,1,1,INE299D01022,1,2026
HAPPSTMNDS,Happiest Minds Technologies Limited,EQ,2020-09-17,2,1,INE419U01012,2,2020
HAPPYFORGE,Happy Forgings Limited,EQ,2023-12-27,2,1,INE330T01021,2,2023
HARDWYN,Hardwyn India Limited,EQ,2022-04-12,1,1,INE626Z01029,1,2022
HARIOMPIPE,Hariom Pipe Industries Limited,EQ,2022-04-13,10,1,INE00EV01017,10,2022
HARRMALAYA,Harrisons  Malayalam Limited,EQ,1995-02-08,10,1,INE544A01019,10,1995
HARSHA,Harsha Engineers International Limited,EQ,2022-09-26,10,1,INE0JUS01029,10,2022
HATHWAY,Hathway Cable & Datacom Limited,EQ,2010-02-25,2,1,INE982F01036,2,2010
HATSUN,Hatsun Agro Product Limited,EQ,2014-06-20,1,1,INE473B01035,1,2014
HAVELLS,Havells India Limited,EQ,2001-03-21,1,1,INE176B01034,1,2001
HAVISHA,Sri Havisha Hospitality and Infrastructure Limited,EQ,2000-02-16,2,1,INE293B01029,2,2000
HAWKINCOOK,Hawkins Cookers Limited,EQ,2026-04-20,10,1,INE979B01015,10,2026
HAZOOR,Hazoor Multi Projects Limited,EQ,2026-08-17,1,1,INE550F01049,1,2026
HBESD,HB Estate Developers Limited,EQ,2026-04-20,10,1,INE640B01021,10,2026
HBLENGINE,HBL Engineering Limited,EQ,2007-01-04,1,1,INE292B01021,1,2007
HBPOR,HB Portfolio Limited,EQ,2026-08-17,10,1,INE638B01025,10,2026
HBSL,HB Stockholdings Limited,EQ,2018-07-23,10,1,INE550B01022,10,2018
HCC,Hindustan Construction Company Limited,EQ,2003-04-01,1,1,INE549A01026,1,2003
HCG,Healthcare Global Enterprises Limited,EQ,2016-03-30,10,1,INE075I01017,10,2016
HCL-INSYS,HCL Infosystems Limited,EQ,1997-01-01,2,1,INE236A01020,2,1997
HCLTECH,HCL Technologies Limited,EQ,2000-01-06,2,1,INE860A01027,2,2000
HDBFS,HDB Financial Services Limited,EQ,2025-07-02,10,1,INE756I01012,10,2025
HDFCAMC,HDFC Asset Management Company Limited,EQ,2018-08-06,5,1,INE127D01025,5,2018
HDFCBANK,HDFC Bank Limited,EQ,1995-11-08,1,1,INE040A01034,1,1995
HDFCLIFE,HDFC Life Insurance Company Limited,EQ,2017-11-17,10,1,INE795G01014,10,2017
HDIL,Housing Development and Infrastructure Limited,BZ,2007-07-24,10,1,INE191I01012,10,2007
HEADSUP,Heads UP Ventures Limited,EQ,2016-12-14,10,1,INE759V01019,10,2016
HEALTHX,Health X Platform Limited,EQ,2010-10-05,10,1,INE019J01013,10,2010
HECPROJECT,HEC Infra Projects Limited,EQ,2021-12-30,10,1,INE558R01013,10,2021
HEGAM,HEG Advanced Materials Limited,EQ,1995-05-10,2,1,INE545A01024,2,1995
HEIDELBERG,HeidelbergCement India Limited,EQ,1995-03-15,10,1,INE578A01017,10,1995
HEMIPROP,Hemisphere Properties India Limited,EQ,2020-10-22,10,1,INE0AJG01018,10,2020
HERANBA,Heranba Industries Limited,EQ,2021-03-05,10,1,INE694N01015,10,2021
HERITGFOOD,Heritage Foods Limited,EQ,1996-11-27,5,1,INE978A01027,5,1996
HEROMOTOCO,Hero MotoCorp Limited,EQ,2003-04-11,2,1,INE158A01026,2,2003
HEROMOTORS,Hero Motors Limited,EQ,2026-09-23,10,1,INE012G01022,10,2026
HESTERBIO,Hester Biosciences Limited,EQ,2015-03-13,10,1,INE782E01017,10,2015
HEXAGON,Hexagon Nutrition Limited,BE,2026-06-12,1,1,INE0JUI01012,1,2026
HEXATRADEX,Hexa Tradex Limited,EQ,2012-04-20,2,1,INE750M01017,2,2012
HEXT,Hexaware Technologies Limited,EQ,2025-02-19,1,1,INE093A01041,1,2025
HFCL,HFCL Limited,BE,2011-03-09,1,1,INE548A01028,1,2011
HGINFRA,H.G. Infra Engineering Limited,EQ,2018-03-09,10,1,INE926X01010,10,2018
HGM,HandsOn Global Management (HGM) Limited,EQ,2006-09-27,10,1,INE596H01014,10,2006
HGS,Hinduja Global Solutions Limited,EQ,2007-06-19,10,1,INE170I01016,10,2007
HIKAL,Hikal Limited,EQ,2001-02-14,2,1,INE475B01022,2,2001
HILINFRA,Highway Infrastructure Limited,EQ,2025-08-12,5,1,INE00RL01028,5,2025
HILTON,Hilton Metal Forging Limited,EQ,2007-05-24,10,1,INE788H01017,10,2007
HIMATSEIDE,Himatsingka Seide Limited,EQ,1995-02-08,5,1,INE049A01027,5,1995
HINDADH,Hindustan Adhesives Limited,EQ,2026-08-17,10,1,INE074C01013,10,2026
HINDALCO,Hindalco Industries Limited,EQ,1997-01-08,1,1,INE038A01020,1,1997
HINDALUMI,Hind Aluminium Industries Limited,EQ,2026-08-17,10,1,INE227B01019,10,2026
HINDCOMPOS,Hindustan Composites Limited,EQ,1996-05-08,5,1,INE310C01029,5,1996
HINDCON,Hindcon Chemicals Limited,EQ,2021-07-05,2,1,INE642Y01029,2,2021
HINDCOPPER,Hindustan Copper Limited,EQ,2010-09-15,5,1,INE531E01026,5,2010
HINDOILEXP,Hindustan Oil Exploration Company Limited,EQ,2003-09-23,10,1,INE345A01011,10,2003
HINDPETRO,Hindustan Petroleum Corporation Limited,EQ,1998-06-17,10,1,INE094A01015,10,1998
HINDUNILVR,Hindustan Unilever Limited,EQ,1995-07-06,1,1,INE030A01027,1,1995
HINDWAREAP,Hindware Home Innovation Limited,EQ,2019-12-26,2,1,INE05AN01011,2,2019
HINDZINC,Hindustan Zinc Limited,EQ,2006-11-21,2,1,INE267A01025,2,2006
HIRECT,Hirect Limited,EQ,2006-12-26,2,1,INE835D01023,2,2006
HISARMETAL,Hisar Metal Industries Limited,EQ,2017-01-05,10,1,INE598C01011,10,2017
HITECH,Hi-Tech Pipes Limited,EQ,2018-05-07,1,1,INE106T01025,1,2018
HITECHCORP,Hitech Corporation Limited,BE,2007-12-20,10,1,INE120D01012,10,2007
HITECHGEAR,The Hi-Tech Gears Limited,BE,2002-01-21,10,1,INE127B01011,10,2002
HLEGLAS,HLE Glascoat Limited,EQ,2023-02-09,2,1,INE461D01028,2,2023
HLVLTD,HLV LIMITED,EQ,1995-07-19,2,1,INE102A01024,2,1995
HMAAGRO,HMA Agro Industries Limited,EQ,2023-07-04,1,1,INE0ECP01024,1,2023
HMT,HMT Limited,BZ,2003-08-29,10,1,INE262A01018,10,2003
HMVL,Hindustan Media Ventures Limited,BE,2010-07-21,10,1,INE871K01015,10,2010
HNDFDS,Hindustan Foods Limited,EQ,2023-06-06,2,1,INE254N01026,2,2023
HOMEFIRST,Home First Finance Company India Limited,EQ,2021-02-03,2,1,INE481N01025,2,2021
HONASA,Honasa Consumer Limited,EQ,2023-11-07,10,1,INE0J5401028,10,2023
HONAUT,Honeywell Automation India Limited,EQ,2003-07-18,10,1,INE671A01010,10,2003
HONDAPOWER,Honda India Power Products Limited,EQ,2003-04-01,10,1,INE634A01018,10,2003
HORIZONIND,Horizon Industrial Parks Limited,EQ,2026-08-24,10,1,INE685T01010,10,2026
HPAL,HP Adhesives Limited,EQ,2021-12-27,2,1,INE0GSL01024,2,2021
HPIL,Hindprakash Industries Limited,EQ,2022-11-07,10,1,INE05X901010,10,2022
HPL,HPL Electric & Power Limited,EQ,2016-10-04,10,1,INE495S01016,10,2016
HRYNSHP,Hariyana Ship Breakers Limited,EQ,2026-08-17,10,1,INE400G01011,10,2026
HSCL,Himadri Speciality Chemical Limited,EQ,2007-03-02,1,1,INE019C01026,1,2007
HTEL,Hy-Tech Engineers Limited,EQ,2026-09-01,5,1,INE0LEG01024,5,2026
HTMEDIA,HT Media Limited,EQ,2005-09-01,2,1,INE501G01024,2,2005
HUBTOWN,Hubtown Limited,EQ,2007-02-07,10,1,INE703H01016,10,2007
HUDCO,Housing & Urban Development Corporation Limited,EQ,2017-05-19,10,1,INE031A01017,10,2017
HUHTAMAKI,Huhtamaki India Limited,EQ,2004-10-01,2,1,INE275B01026,2,2004
HYBRIDFIN,Hybrid Financial Services Limited,EQ,2022-12-05,5,1,INE965B01022,5,2022
HYUNDAI,Hyundai Motor India Limited,EQ,2024-10-22,10,1,INE0V6F01027,10,2024
IBULLSLTD,Indiabulls Limited,EQ,2011-08-18,2,1,INE126M01010,2,2011
ICDSLTD,ICDS Limited,BE,1999-11-17,10,1,INE613B01010,10,1999
ICEMAKE,Ice Make Refrigeration Limited,EQ,2020-10-12,10,1,INE520Y01019,10,2020
ICICIAMC,ICICI Prudential Asset Management Company Limited,EQ,2025-12-19,1,1,INE346A01027,1,2025
ICICIBANK,ICICI Bank Limited,EQ,1997-09-17,2,1,INE090A01021,2,1997
ICICIGI,ICICI Lombard General Insurance Company Limited,EQ,2017-09-27,10,1,INE765G01017,10,2017
ICICIPRULI,ICICI Prudential Life Insurance Company Limited,EQ,2016-09-29,10,1,INE726G01019,10,2016
ICIL,Indo Count Industries Limited,EQ,2005-09-12,2,1,INE483B01026,2,2005
ICRA,ICRA Limited,EQ,2007-04-13,10,1,INE725G01011,10,2007
IDBI,IDBI Bank Limited,EQ,1995-09-20,10,1,INE008A01015,10,1995
IDEA,Vodafone Idea Limited,EQ,2007-03-09,10,1,INE669E01016,10,2007
IDEAFORGE,Ideaforge Technology Limited,EQ,2023-07-07,10,1,INE349Y01013,10,2023
IDFCFIRSTB,IDFC First Bank Limited,EQ,2015-11-06,10,1,INE092T01019,10,2015
IEX,Indian Energy Exchange Limited,EQ,2017-10-23,1,1,INE022Q01020,1,2017
IFBAGRO,IFB Agro Industries Limited,EQ,1996-04-03,10,1,INE076C01018,10,1996
IFBIND,IFB Industries Limited,EQ,1995-03-29,10,1,INE559A01017,10,1995
IFCI,IFCI Limited,EQ,1995-04-26,10,1,INE039A01010,10,1995
IFGLEXPOR,IFGL Refractories Limited,EQ,2017-11-14,10,1,INE133Y01011,10,2017
IGARASHI,Igarashi Motors India Limited,EQ,2003-10-09,10,1,INE188B01013,10,2003
IGCL,Indogulf Cropsciences Limited,EQ,2025-07-03,10,1,INE05J901018,10,2025
IGIL,International Gemological Institute Limited,EQ,2024-12-20,2,1,INE0Q9301021,2,2024
IGL,Indraprastha Gas Limited,EQ,2003-12-26,2,1,INE203G01027,2,2003
IGPL,IG Petrochemicals Limited,EQ,2007-01-29,10,1,INE204A01010,10,2007
IIFL,IIFL Finance Limited,EQ,2005-05-17,2,1,INE530B01024,2,2005
IIFLCAPS,IIFL Capital Services Limited,EQ,2019-09-20,2,1,INE489L01022,2,2019
IITL,Industrial Investment Trust Limited,EQ,2010-08-17,10,1,INE886A01014,10,2010
IKIO,IKIO Technologies Limited,EQ,2023-06-16,10,1,INE0LOJ01019,10,2023
IKS,Inventurus Knowledge Solutions Limited,EQ,2024-12-19,1,1,INE115Q01022,1,2024
IL&FSENGG,IL&FS Engineering and Construction Company Limited,BZ,2007-10-25,10,1,INE369I01014,10,2007
IL&FSTRANS,IL&FS Transportation Networks Limited,BZ,2010-03-30,10,1,INE975G01012,10,2010
IMAGICAA,Imagicaaworld Entertainment Limited,EQ,2015-04-06,10,1,INE172N01012,10,2015
IMFA,Indian Metals & Ferro Alloys Limited,EQ,2010-07-23,10,1,INE919H01018,10,2010
IMPAL,India Motor Parts and Accessories Limited,EQ,2005-10-07,10,1,INE547E01014,10,2005
INA,Insolation Energy Limited,EQ,2026-03-09,1,1,INE0LGX01024,1,2026
INCREDIBLE,INCREDIBLE INDUSTRIES LIMITED,EQ,2016-07-01,10,1,INE452L01012,10,2016
INDBANK,Indbank Merchant Banking Services Limited,EQ,2008-10-08,10,1,INE841B01017,10,2008
INDGN,Indegene Limited,EQ,2024-05-13,2,1,INE065X01017,2,2024
INDHOTEL,The Indian Hotels Company Limited,EQ,1996-07-03,1,1,INE053A01029,1,1996
INDIACEM,The India Cements Limited,EQ,2000-05-31,10,1,INE383A01012,10,2000
INDIAGLYCO,India Glycols Limited,EQ,2005-07-01,5,1,INE560A01023,5,2005
INDIAMART,Indiamart Intermesh Limited,EQ,2019-07-04,10,1,INE933S01016,10,2019
INDIANB,Indian Bank,EQ,2007-03-01,10,1,INE562A01011,10,2007
INDIANCARD,Indian Card Clothing Company Limited,EQ,1997-01-08,10,1,INE061A01014,10,1997
INDIANHUME,Indian Hume Pipe Company Limited,EQ,1995-08-30,2,1,INE323C01030,2,1995
INDIASHLTR,India Shelter Finance Corporation Limited,EQ,2023-12-20,5,1,INE922K01024,5,2023
INDIGO,InterGlobe Aviation Limited,EQ,2015-11-10,10,1,INE646L01027,10,2015
INDIGOPNTS,Indigo Paints Limited,EQ,2021-02-02,10,1,INE09VQ01012,10,2021
INDIQUBE,Indiqube Spaces Limited,EQ,2025-07-30,1,1,INE06ST01018,1,2025
INDNIPPON,India Nippon Electricals Limited,EQ,1997-05-07,5,1,INE092B01025,5,1997
INDOAMIN,Indo Amines Limited,EQ,2022-04-29,5,1,INE760F01028,5,2022
INDOBORAX,Indo Borax & Chemicals Limited,EQ,2022-03-29,1,1,INE803D01021,1,2022
INDOCO,Indoco Remedies Limited,EQ,2005-01-14,2,1,INE873D01024,2,2005
INDOFARM,Indo Farm Equipment Limited,EQ,2025-01-07,10,1,INE622H01018,10,2025
INDOKEM,Indokem Limited,EQ,2026-08-17,10,1,INE716F01012,10,2026
INDOMIM,INDO-MIM Limited,EQ,2026-07-30,1,1,INE084101034,1,2026
INDORAMA,Indo Rama Synthetics (India) Limited,EQ,2003-06-20,10,1,INE156A01020,10,2003
INDOSTAR,IndoStar Capital Finance Limited,EQ,2018-05-21,10,1,INE896L01010,10,2018
INDOTECH,Indo Tech Transformers Limited,EQ,2006-03-16,10,1,INE332H01014,10,2006
INDOTHAI,Indo Thai Securities Limited,EQ,2011-11-02,1,1,INE337M01021,1,2011
INDOUS,Indo Us Biotech Limited,EQ,2024-09-27,10,1,INE250Z01010,10,2024
INDOWIND,Indowind Energy Limited,EQ,2007-09-14,10,1,INE227G01018,10,2007
INDPRUD,Industrial & Prudential Investment Company Limited,EQ,2026-04-20,10,1,INE620D01011,10,2026
INDRAMEDCO,Indraprastha Medical Corporation Limited,EQ,1997-04-17,10,1,INE681B01017,10,1997
INDSWFTLAB,Ind-Swift Laboratories Limited,EQ,1997-07-02,10,1,INE915B01019,10,1997
INDTERRAIN,Indian Terrain Fashions Limited,EQ,2011-03-11,2,1,INE611L01021,2,2011
INDUSINDBK,IndusInd Bank Limited,EQ,1998-01-28,10,1,INE095A01012,10,1998
INDUSTOWER,Indus Towers Limited,EQ,2012-12-28,10,1,INE121J01017,10,2012
INFOBEAN,InfoBeans Technologies Limited,EQ,2019-07-15,10,1,INE344S01016,10,2019
INFOMEDIA,Infomedia Press Limited,EQ,2006-10-12,10,1,INE669A01022,10,2006
INFY,Infosys Limited,EQ,1995-02-08,5,1,INE009A01021,5,1995
INGERRAND,Ingersoll Rand (India) Limited,EQ,1999-04-15,10,1,INE177A01018,10,1999
INNOVACAP,Innova Captab Limited,EQ,2023-12-29,10,1,INE0DUT01020,10,2023
INNOVANA,Innovana Thinklabs Limited,EQ,2024-12-17,10,1,INE403Y01018,10,2024
INNOVISION,Innovision Limited,EQ,2026-03-23,10,1,INE0ADB01012,10,2026
INOXGREEN,Inox Green Energy Services Limited,EQ,2022-11-23,10,1,INE510W01014,10,2022
INOXINDIA,INOX India Limited,EQ,2023-12-21,2,1,INE616N01034,2,2023
INOXWIND,Inox Wind Limited,EQ,2015-04-09,10,1,INE066P01011,10,2015
INSECTICID,Insecticides (India) Limited,EQ,2007-05-30,10,1,INE070I01018,10,2007
INSPIRISYS,Inspirisys Solutions Limited,EQ,2006-10-30,10,1,INE020G01017,10,2006
INTELLECT,Intellect Design Arena Limited,EQ,2014-12-18,5,1,INE306R01017,5,2014
INTENTECH,Intense Technologies Limited,EQ,2017-03-23,2,1,INE781A01025,2,2017
INTERARCH,Interarch Building Solutions Limited,EQ,2024-08-26,10,1,INE00M901018,10,2024
INTLCONV,International Conveyors Limited,EQ,2021-09-16,1,1,INE575C01027,1,2021
INVENTURE,Inventure Growth & Securities Limited,EQ,2011-08-04,1,1,INE878H01024,1,2011
INVPRECQ,Investment & Precision Castings Limited,BE,2026-04-20,10,1,INE155E01016,10,2026
IOB,Indian Overseas Bank,EQ,2000-12-07,10,1,INE565A01014,10,2000
IOC,Indian Oil Corporation Limited,EQ,1996-07-24,10,1,INE242A01010,10,1996
IOLCP,IOL Chemicals and Pharmaceuticals Limited,EQ,2010-11-08,2,1,INE485C01029,2,2010
IONEXCHANG,ION Exchange (India) Limited,EQ,2022-02-22,1,1,INE570A01022,1,2022
IPCALAB,IPCA Laboratories Limited,EQ,1995-02-08,1,1,INE571A01038,1,1995
IPL,India Pesticides Limited,EQ,2021-07-05,1,1,INE0D6701023,1,2021
IPRINGLTD,IP Rings Limited,EQ,2026-08-17,10,1,INE558A01019,10,2026
IRB,IRB Infrastructure Developers Limited,EQ,2008-02-25,1,1,INE821I01022,1,2008
IRCON,Ircon International Limited,EQ,2018-09-28,2,1,INE962Y01021,2,2018
IRCTC,Indian Railway Catering And Tourism Corporation Limited,EQ,2019-10-14,2,1,INE335Y01020,2,2019
IREDA,Indian Renewable Energy Development Agency Limited,EQ,2023-11-29,10,1,INE202E01016,10,2023
IRFC,Indian Railway Finance Corporation Limited,EQ,2021-01-29,10,1,INE053F01010,10,2021
IRIS,IRIS RegTech Solutions Limited,EQ,2021-11-08,10,1,INE864K01010,10,2021
IRISDOREME,Iris Clothings Limited,EQ,2021-02-22,2,1,INE01GN01025,2,2021
IRMENERGY,IRM Energy Limited,EQ,2023-10-26,10,1,INE07U701015,10,2023
ISFT,Intrasoft Technologies Limited,BE,2010-04-12,10,1,INE566K01011,10,2010
ISGEC,Isgec Heavy Engineering Limited,EQ,2021-05-05,1,1,INE858B01029,1,2021
ISHANCH,Ishan Dyes and Chemicals Limited,EQ,2025-03-24,10,1,INE561M01018,10,2025
ISTLTD,I S T Limited,EQ,2026-08-17,5,1,INE684B01029,5,2026
ITC,ITC Limited,EQ,1995-08-23,1,1,INE154A01025,1,1995
ITCHOTELS,ITC Hotels Limited,EQ,2025-01-29,1,1,INE379A01028,1,2025
ITDC,India Tourism Development Corporation Limited,EQ,2016-12-30,10,1,INE353K01014,10,2016
ITI,ITI Limited,EQ,2003-09-15,10,1,INE248A01017,10,2003
ITL,ITL Industries Limited,EQ,2026-08-17,10,1,INE478D01014,10,2026
IVALUE,Ivalue Infosolutions Limited,EQ,2025-09-25,2,1,INE056801025,2,2025
IVC,IL&FS Investment Managers Limited,EQ,1999-09-15,2,1,INE050B01023,2,1999
IVP,IVP Limited,BE,1995-09-13,10,1,INE043C01018,10,1995
IWP,The Indian Wood Products Company Limited,EQ,2026-04-20,2,1,INE586E01020,2,2026
IXIGO,Le Travenues Technology Limited,EQ,2024-06-18,1,1,INE0HV901016,1,2024
IZMO,IZMO Limited,EQ,2007-02-05,10,1,INE848A01014,10,2007
J&KBANK,The Jammu & Kashmir Bank Limited,EQ,1998-07-22,1,1,INE168A01041,1,1998
JAGRAN,Jagran Prakashan Limited,EQ,2006-02-22,2,1,INE199G01027,2,2006
JAGSNPHARM,Jagsonpal Pharmaceuticals Limited,EQ,2000-03-01,2,1,INE048B01035,2,2000
JAIBALAJI,Jai Balaji Industries Limited,EQ,2003-12-09,2,1,INE091G01026,2,2003
JAICORPLTD,Jai Corp Limited,EQ,1997-11-26,1,1,INE070D01027,1,1997
JAINREC,Jain Resource Recycling Limited,EQ,2025-10-01,2,1,INE0YD401026,2,2025
JAIPURKURT,Nandani Creation Limited,EQ,2021-09-02,10,1,INE696V01013,10,2021
JAMNAAUTO,Jamna Auto Industries Limited,EQ,2010-12-10,1,1,INE039C01032,1,2010
JARO,Jaro Institute of Technology Management and Research Limited,EQ,2025-09-30,10,1,INE00YJ01010,10,2025
JASH,Jash Engineering Limited,EQ,2019-10-30,2,1,INE039O01029,2,2019
JAYAGROGN,Jayant Agro Organics Limited,EQ,1996-04-17,5,1,INE785A01026,5,1996
JAYBARMARU,Jay Bharat Maruti Limited,EQ,1996-01-03,2,1,INE571B01036,2,1996
JAYKAY,Jaykay Enterprises Limited,EQ,2025-12-03,1,1,INE903A01025,1,2025
JAYNECOIND,Jayaswal Neco Industries Limited,EQ,1995-05-10,10,1,INE854B01010,10,1995
JAYSREETEA,Jayshree Tea & Industries Limited,EQ,1995-02-15,5,1,INE364A01020,5,1995
JBMA,JBM Auto Limited,EQ,2004-12-17,1,1,INE927D01051,1,2004
JENBURPH,Jenburkt Pharmaceuticals Limited,EQ,2026-08-17,10,1,INE354A01013,10,2026
JETFREIGHT,Jet Freight Logistics Limited,EQ,2021-12-21,5,1,INE982V01025,5,2021
JGCHEM,J.G.Chemicals Limited,EQ,2024-03-13,10,1,INE0MB501011,10,2024
JHS,JHS Svendgaard Laboratories Limited,EQ,2006-10-21,10,1,INE544H01014,10,2006
JINDALPHOT,Jindal Photo Limited,EQ,2005-04-07,10,1,INE796G01012,10,2005
JINDALPOLY,Jindal Poly Films Limited,EQ,2002-01-21,10,1,INE197D01010,10,2002
JINDALSAW,Jindal Saw Limited,EQ,2003-04-29,1,1,INE324A01032,1,2003
JINDALSTEL,JINDAL STEEL LIMITED,EQ,1999-12-29,1,1,INE749A01030,1,1999
JINDRILL,Jindal Drilling And Industries Limited,EQ,2006-12-22,5,1,INE742C01031,5,2006
JINDWORLD,Jindal Worldwide Limited,EQ,2010-11-25,1,1,INE247D01039,1,2010
JIOFIN,Jio Financial Services Limited,EQ,2023-08-21,10,1,INE758E01017,10,2023
JISLDVREQS,Jain Irrigation Systems Limited,EQ,2011-11-30,2,1,IN9175A01010,2,2011
JISLJALEQS,Jain Irrigation Systems Limited,EQ,2001-08-13,2,1,INE175A01038,2,2001
JITFINFRA,JITF Infralogistics Limited,EQ,2017-02-27,2,1,INE863T01013,2,2017
JKCEMENT,JK Cement Limited,EQ,2006-03-14,10,1,INE823G01014,10,2006
JKIL,J.Kumar Infraprojects Limited,EQ,2008-02-12,5,1,INE576I01022,5,2008
JKIPL,Jinkushal Industries Limited,EQ,2025-10-03,10,1,INE1FF001016,10,2025
JKLAKSHMI,JK Lakshmi Cement Limited,EQ,2006-06-19,5,1,INE786A01032,5,2006
JKPAPER,JK Paper Limited,EQ,2005-06-16,10,1,INE789E01012,10,2005
JKTYRE,JK Tyre & Industries Limited,EQ,2007-03-19,2,1,INE573A01042,2,2007
JLHL,Jupiter Life Line Hospitals Limited,EQ,2023-09-18,2,1,INE682M01020,2,2023
JMA,Jullundur Motor Agency (Delhi) Limited,EQ,2015-03-16,2,1,INE412C01023,2,2015
JMFINANCIL,JM Financial Limited,EQ,2006-10-10,1,1,INE780C01023,1,2006
JNKINDIA,JNK India Limited,EQ,2024-04-30,2,1,INE0OAF01028,2,2024
JNPR,Juniper Green Energy Limited,EQ,2026-08-06,10,1,INE05C901015,10,2026
JOCIL,Jocil Limited,EQ,2008-10-08,10,1,INE839G01010,10,2008
JPOLYINVST,Jindal Poly Investment and Finance Company Limited,EQ,2013-11-11,10,1,INE147P01019,10,2013
JPPOWER,Jaiprakash Power Ventures Limited,EQ,2005-04-18,10,1,INE351F01018,10,2005
JSFB,Jana Small Finance Bank Limited,EQ,2024-02-14,10,1,INE953L01027,10,2024
JSIPL,Jindal Supreme (India) Limited,BE,2026-09-23,10,1,INE1DLO01028,10,2026
JSL,Jindal Stainless Limited,EQ,2003-11-17,2,1,INE220G01021,2,2003
JSLL,Jeena Sikho Lifecare Limited,EQ,2025-08-11,2,1,INE0J5801029,2,2025
JSWCEMENT,JSW Cement Limited,EQ,2025-08-14,10,1,INE718I01012,10,2025
JSWDULUX,JSW Dulux Limited,EQ,2001-06-28,10,1,INE133A01011,10,2001
JSWENERGY,JSW Energy Limited,EQ,2010-01-04,10,1,INE121E01018,10,2010
JSWHL,JSW Holdings Limited,EQ,2005-06-21,10,1,INE824G01012,10,2005
JSWINFRA,JSW Infrastructure Limited,EQ,2023-10-03,2,1,INE880J01026,2,2023
JSWSTEEL,JSW Steel Limited,EQ,2005-03-23,1,1,INE019A01038,1,2005
JTEKTINDIA,Jtekt India Limited,EQ,2004-01-12,1,1,INE643A01035,1,2004
JTLIND,JTL INDUSTRIES LIMITED,EQ,2023-06-12,1,1,INE391J01032,1,2023
JUBLCPL,Jubilant Agri and Consumer Products Limited,EQ,2025-02-14,10,1,INE03CC01015,10,2025
JUBLFOOD,Jubilant Foodworks Limited,EQ,2010-02-08,2,1,INE797F01020,2,2010
JUBLINGREA,Jubilant Ingrevia Limited,EQ,2021-03-19,1,1,INE0BY001018,1,2021
JUBLPHARMA,Jubilant Pharmova Limited,EQ,2003-06-16,1,1,INE700A01033,1,2003
JUNIPER,Juniper Hotels Limited,EQ,2024-02-28,10,1,INE696F01016,10,2024
JUSTDIAL,Just Dial Limited,EQ,2013-06-05,10,1,INE599M01018,10,2013
JWL,Jupiter Wagons Limited,EQ,2010-10-18,10,1,INE209L01016,10,2010
JYOTHYLAB,Jyothy Labs Limited,EQ,2007-12-19,1,1,INE668F01031,1,2007
JYOTICNC,Jyoti CNC Automation Limited,EQ,2024-01-16,2,1,INE980O01024,2,2024
JYOTIRES,Jyoti Resins & Adhesives Limited,EQ,2026-08-17,10,1,INE577D01013,10,2026
JYOTISTRUC,Jyoti Structures Limited,EQ,1995-07-19,2,1,INE197A01024,2,1995
KABRAEXTRU,Kabra Extrusion Technik Limited,BE,1995-09-06,5,1,INE900B01029,5,1995
KAJARIACER,Kajaria Ceramics Limited,EQ,2004-06-01,1,1,INE217B01036,1,2004
KAKATCEM,Kakatiya Cement Sugar & Industries Limited,EQ,1995-12-13,10,1,INE437B01014,10,1995
KALAMANDIR,Sai Silks (Kalamandir) Limited,EQ,2023-09-27,2,1,INE438K01021,2,2023
KALPATARU,Kalpataru Limited,EQ,2025-07-01,10,1,INE227J01012,10,2025
KALYANI,Kalyani Commercials Limited,BE,2017-02-13,10,1,INE610E01010,10,2017
KALYANIFRG,Kalyani Forge Limited,BE,2007-12-20,10,1,INE314G01014,10,2007
KALYANKJIL,Kalyan Jewellers India Limited,EQ,2021-03-26,10,1,INE303R01014,10,2021
KAMAHOLD,Kama Holdings Limited,EQ,2026-04-20,10,1,INE411F01010,10,2026
KAMANWALA,Kamanwala Housing Construction Limited,EQ,2026-08-17,10,1,INE344D01018,10,2026
KAMATHOTEL,Kamat Hotels (I) Limited,EQ,1996-05-29,10,1,INE967C01018,10,1996
KAMDHENU,Kamdhenu Limited,EQ,2006-05-09,1,1,INE390H01020,1,2006
KAMOPAINTS,Kamdhenu Ventures Limited,EQ,2023-01-24,1,1,INE0BTI01037,1,2023
KANANIIND,Kanani Industries Limited,EQ,2011-12-14,1,1,INE879E01037,1,2011
KANCHI,Kanchi Karpooram Limited,EQ,2026-04-20,10,1,INE081G01019,10,2026
KANCOTEA,Kanco Tea & Industries Limited,EQ,2026-08-17,10,1,INE398L01017,10,2026
KANOHAR,Kanohar Electricals Limited,EQ,2026-09-16,2,1,INE877D01025,2,2026
KANORICHEM,Kanoria Chemicals & Industries Limited,BE,1995-02-08,5,1,INE138C01024,5,1995
KANPRPLA,Kanpur Plastipack Limited,EQ,2021-01-01,10,1,INE694E01014,10,2021
KANSAINER,Kansai Nerolac Paints Limited,EQ,2003-09-15,1,1,INE531A01024,1,2003
KAPSTON,Kapston Services Limited,EQ,2020-05-27,5,1,INE542Z01028,5,2020
KARAMTARA,Karamtara Engineering Limited,EQ,2026-09-17,10,1,INE590T01012,10,2026
KARMAENG,Karma Energy Limited,EQ,2011-06-28,10,1,INE725L01011,10,2011
KARURVYSYA,Karur Vysya Bank Limited,EQ,2000-07-26,2,1,INE036D01028,2,2000
KAUSHALYA,Kaushalya Infrastructure Development Corporation Limited,BE,2007-12-14,1000,1,INE234I01028,1000,2007
KAVDEFENCE,Kavveri Defence & Wireless Technologies Limited,BE,2008-01-29,10,1,INE641C01019,10,2008
KAYA,Kaya Limited,BE,2015-08-14,10,1,INE587G01015,10,2015
KAYNES,Kaynes Technology India Limited,EQ,2022-11-22,10,1,INE918Z01012,10,2022
KCP,KCP Limited,EQ,1997-04-09,1,1,INE805C01028,1,1997
KCPSUGIND,KCP Sugar and Industries Corporation Limited,BE,1997-06-11,1,1,INE790B01024,1,1997
KDDL,KDDL Limited,EQ,2016-03-23,10,1,INE291D01011,10,2016
KDGREEN,KD Green Industries Limited,EQ,2026-08-17,1,1,INE348N01042,1,2026
KEC,KEC International Limited,EQ,2006-03-10,2,1,INE389H01022,2,2006
KECL,Kirloskar Electric Company Limited,EQ,2010-03-09,10,1,INE134B01017,10,2010
KEEPLEARN,DSJ Keep Learning Limited,EQ,1995-03-01,1,1,INE055C01020,1,1995
KEI,KEI Industries Limited,EQ,2006-03-23,2,1,INE878B01027,2,2006
KELLTONTEC,Kellton Tech Solutions Limited,EQ,2016-03-02,1,1,INE164B01030,1,2016
KENNAMET,Kennametal India Limited,EQ,2026-04-20,10,1,INE717A01029,10,2026
KERNEX,Kernex Microsystems (India) Limited,EQ,2005-12-20,10,1,INE202H01019,10,2005
KESORAMIND,Kesoram Industries Limited,EQ,1995-09-06,10,1,INE087A01019,10,1995
KEYFINSERV,Keynote Financial Services Limited,EQ,1996-06-26,10,1,INE681C01015,10,1996
KFINTECH,Kfin Technologies Limited,EQ,2022-12-29,10,1,INE138Y01010,10,2022
KHADIM,Khadim India Limited,BE,2017-11-14,10,1,INE834I01025,10,2017
KHAICHEM,Khaitan Chemicals & Fertilizers Limited,EQ,2020-10-30,1,1,INE745B01028,1,2020
KHAITANLTD,Khaitan (India) Limited,EQ,1995-12-20,10,1,INE731C01018,10,1995
KHANDSE,Khandwala Securities Limited,EQ,2001-02-07,10,1,INE060B01014,10,2001
KICL,Kalyani Investment Company Limited,EQ,2011-01-14,10,1,INE029L01018,10,2011
KILITCH,Kilitch Drugs (India) Limited,BE,2010-09-29,10,1,INE729D01010,10,2010
KIMS,Krishna Institute of Medical Sciences Limited,EQ,2021-06-28,2,1,INE967H01025,2,2021
KINGFA,Kingfa Science & Technology (India) Limited,EQ,2016-11-15,10,1,INE473D01015,10,2016
KIOCL,KIOCL Limited,EQ,2016-11-29,10,1,INE880L01014,10,2016
KIRANVYPAR,Kiran Vyapar Limited,EQ,2026-04-20,10,1,INE555P01013,10,2026
KIRIINDUS,Kiri Industries Limited,EQ,2008-04-22,10,1,INE415I01015,10,2008
KIRLFER,Kirloskar Ferrous Industries Limited,EQ,2026-04-20,5,1,INE884B01025,5,2026
KIRLOSBROS,Kirloskar Brothers Limited,EQ,2010-04-20,2,1,INE732A01036,2,2010
KIRLOSENG,Kirloskar Oil Engines Limited,EQ,2010-12-24,2,1,INE146L01010,2,2010
KIRLOSIND,Kirloskar Industries Limited,EQ,2010-06-24,10,1,INE250A01039,10,2010
KIRLPNU,Kirloskar Pneumatic Company Limited,EQ,2023-04-26,1,1,INE811A01038,1,2023
KISSHT,OnEMI Technology Solutions Limited,EQ,2026-05-08,1,1,INE12F801023,1,2026
KITEX,Kitex Garments Limited,EQ,2012-09-25,1,1,INE602G01020,1,2012
KJMCFIN,KJMC Financial Services Limited,EQ,2026-08-17,10,1,INE533C01018,10,2026
KKCL,Kewal Kiran Clothing Limited,EQ,2006-04-13,10,1,INE401H01017,10,2006
KLBRENG-B,Kilburn Engineering Limited,EQ,2026-04-20,10,1,INE338F01015,10,2026
KMCSHIL,K M C Speciality Hospitals (India) Limited,EQ,2026-08-17,1,1,INE879K01018,1,2026
KMEW,Knowledge Marine & Engineering Works Limited,EQ,2024-11-14,5,1,INE0CJD01029,5,2024
KMSUGAR,K.M.Sugar Mills Limited,BE,2007-05-31,2,1,INE157H01023,2,2007
KNACK,Knack Packaging Limited,EQ,2026-07-08,10,1,INE17QZ01016,10,2026
KNAGRI,KN Agri Resources Limited,EQ,2025-12-09,10,1,INE0KNW01016,10,2025
KNRCON,KNR Constructions Limited,EQ,2008-02-18,2,1,INE634I01029,2,2008
KOHINOOR,Kohinoor Foods Limited,EQ,1999-10-20,10,1,INE080B01012,10,1999
KOKUYOCMLN,Kokuyo Camlin Limited,EQ,2008-07-28,1,1,INE760A01029,1,2008
KOLTEPATIL,Kolte - Patil Developers Limited,EQ,2007-12-13,10,1,INE094I01018,10,2007
KOPRAN,Kopran Limited,EQ,1999-06-09,10,1,INE082A01010,10,1999
KOTAKBANK,Kotak Mahindra Bank Limited,EQ,1995-12-20,1,1,INE237A01036,1,1995
KOTARISUG,Kothari Sugars And Chemicals Limited,BE,2004-12-13,10,1,INE419A01022,10,2004
KOTHARIPET,Kothari Petrochemicals Limited,EQ,1996-11-02,10,1,INE720A01015,10,1996
KOTHARIPRO,Kothari Products Limited,EQ,1998-06-03,10,1,INE823A01017,10,1998
KOTIC,Kothari Industrial Corporation Limited,EQ,2026-04-20,5,1,INE972A01020,5,2026
KOTYARK,Kotyark Industries Limited,EQ,2026-03-12,10,1,INE0J0B01017,10,2026
KOVAI,Kovai Medical Center & Hospital Limited,EQ,2026-04-20,10,1,INE177F01017,10,2026
KPEL,K.P. Energy Limited,EQ,2024-11-14,5,1,INE127T01021,5,2024
KPIGREEN,KPI Green Energy Limited,EQ,2021-07-27,5,1,INE542W01025,5,2021
KPIL,Kalpataru Projects International Limited,EQ,2000-12-15,2,1,INE220B01022,2,2000
KPITTECH,KPIT Technologies Limited,EQ,2019-04-22,10,1,INE04I401011,10,2019
KPL,Kwality Pharmaceuticals Limited,EQ,2026-04-20,10,1,INE552U01010,10,2026
KPRMILL,K.P.R. Mill Limited,EQ,2007-08-28,1,1,INE930H01031,1,2007
KRBL,KRBL Limited,EQ,2002-01-21,1,1,INE001B01026,1,2002
KREBSBIO,Krebs Biochemicals and Industries Limited,EQ,1996-01-03,10,1,INE268B01013,10,1996
KRIDHANINF,Kridhan Infra Limited,EQ,2015-12-11,2,1,INE524L01026,2,2015
KRISHANA,Krishana Phoschem Limited,EQ,2019-08-22,2,1,INE506W01020,2,2019
KRISHIVAL,Krishival Foods Limited,EQ,2025-06-20,10,1,INE0GGO01015,10,2025
KRISHNADEF,Krishna Defence And Allied Industries Limited,EQ,2025-12-30,10,1,INE0J5601015,10,2025
KRITI,Kriti Industries (India) Limited,EQ,2021-11-01,1,1,INE479D01038,1,2021
KRITIKA,Kritika Wires Limited,EQ,2022-05-04,2,1,INE00Z501029,2,2022
KRITINUT,Kriti Nutrients Limited,EQ,2022-10-07,1,1,INE798K01010,1,2022
KRN,KRN Heat Exchanger and Refrigeration Limited,EQ,2024-10-03,10,1,INE0Q3J01015,10,2024
KRONOX,Kronox Lab Sciences Limited,BE,2024-06-10,10,1,INE0ATZ01017,10,2024
KROSS,Kross Limited,EQ,2024-09-16,5,1,INE0O6601022,5,2024
KRSNAA,Krsnaa Diagnostics Limited,EQ,2021-08-16,5,1,INE08LI01020,5,2021
KRYSTAL,Krystal Integrated Services Limited,EQ,2024-03-21,10,1,INE0QN801017,10,2024
KSB,Ksb Limited,EQ,1995-02-08,2,1,INE999A01023,2,1995
KSCL,Kaveri Seed Company Limited,EQ,2007-10-04,2,1,INE455I01029,2,2007
KSE,KSE Limited,EQ,2026-08-17,1,1,INE953E01022,1,2026
KSHINTL,KSH International Limited,EQ,2025-12-23,5,1,INE987S01020,5,2025
KSHITIJPOL,Kshitij Polyline Limited,BE,2022-07-27,2,1,INE013801027,2,2022
KSL,Kalyani Steels Limited,EQ,2010-05-19,5,1,INE907A01026,5,2010
KSOLVES,Ksolves India Limited,EQ,2022-09-23,5,1,INE0D6I01023,5,2022
KSR,KSR Footwear Limited,BE,2025-11-27,10,1,INE1SPP01016,10,2025
KTKBANK,The Karnataka Bank Limited,EQ,2000-05-10,10,1,INE614B01018,10,2000
KUANTUM,Kuantum Papers Limited,EQ,2019-10-23,1,1,INE529I01021,1,2019
KUSUMGAR,Kusumgar Limited,EQ,2026-07-15,1,1,INE0ISX01025,1,2026
KWIL,Kwality Wall's (India) Limited,EQ,2026-02-16,1,1,INE2KCE01013,1,2026
LADDERUP,Ladderup Finance Limited,BE,2026-08-17,10,1,INE519D01015,10,2026
LAGNAM,Lagnam Spintex Limited,EQ,2021-09-30,10,1,INE548Z01017,10,2021
LAHOTIOV,Lahoti Overseas Limited,EQ,2026-04-20,2,1,INE515C01023,2,2026
LAKPRE,Lakshmi Precision Screws Limited,BZ,2006-09-26,10,1,INE651C01018,10,2006
LAKSHMIMIL,Lakshmi Mills Company Limited,EQ,2026-08-17,100,1,INE938C01019,100,2026
LAL,Lorenzini Apparels Limited,EQ,2023-04-10,1,1,INE740X01023,1,2023
LALITHAA,Lalithaa Jewellery Mart Limited,EQ,2026-08-24,5,1,INE0K9O01026,5,2026
LALPATHLAB,Dr. Lal Path Labs Ltd.,EQ,2015-12-23,10,1,INE600L01024,10,2015
LAMBODHARA,Lambodhara Textiles Limited,EQ,2015-02-04,5,1,INE112F01022,5,2015
LANCER,Lancer Container Lines Limited,EQ,2026-08-17,5,1,INE359U01028,5,2026
LANCORHOL,Lancor Holdings Limited,BE,2024-03-12,2,1,INE572G01025,2,2024
LANDMARK,Landmark Cars Limited,EQ,2022-12-23,5,1,INE559R01029,5,2022
LANDSMILL,Landsmill Green Limited,EQ,2009-08-03,1,1,INE688J01023,1,2009
LAOPALA,La Opala RG Limited,EQ,2007-03-16,2,1,INE059D01020,2,2007
LASERPOWER,Laser Power & Infra Limited,EQ,2026-07-16,5,1,INE17IR01028,5,2026
LATENTVIEW,Latent View Analytics Limited,EQ,2021-11-23,1,1,INE0I7C01011,1,2021
LATTEYS,Latteys Industries Limited,EQ,2023-05-23,2,1,INE262Z01023,2,2023
LAURUSLABS,Laurus Labs Limited,EQ,2016-12-19,2,1,INE947Q01028,2,2016
LAXMICOT,Laxmi Cotspin Limited,EQ,2021-11-12,10,1,INE801V01019,10,2021
LAXMIDENTL,Laxmi Dental Limited,EQ,2025-01-20,2,1,INE0WO601020,2,2025
LAXMIINDIA,Laxmi India Finance Limited,EQ,2025-08-05,5,1,INE06WU01026,5,2025
LCCINFOTEC,LCC Infotech Limited,BE,2000-03-02,2,1,INE938A01021,2,2000
LCCPROJECT,LCC Projects Limited,EQ,2026-09-17,5,1,INE1FPN01026,5,2026
LCL,Lohia Corp Limited,EQ,2026-07-30,1,1,INE0QJW01029,1,2026
LEAPIND,LEAP India Limited,EQ,2026-08-14,1,1,INE00GO01025,1,2026
LEENEE,Lee & Nee Softwares Exports Limited,BE,2026-08-17,10,1,INE791B01014,10,2026
LEMERITE,Le Merite Exports Limited,EQ,2025-12-12,2,1,INE0G1L01025,2,2025
LEMONTREE,Lemon Tree Hotels Limited,EQ,2018-04-09,10,1,INE970X01018,10,2018
LENSKART,Lenskart Solutions Limited,EQ,2025-11-10,2,1,INE956O01016,2,2025
LEXUS,Lexus Granito (India) Limited,EQ,2023-03-13,10,1,INE500X01013,10,2023
LFIC,Lakshmi Finance & Industrial Corporation Limited,EQ,2015-04-15,10,1,INE850E01012,10,2015
LGBBROSLTD,LG Balakrishnan & Bros Limited,EQ,2010-03-30,10,1,INE337A01034,10,2010
LGEINDIA,LG Electronics India Limited,EQ,2025-10-14,10,1,INE324D01010,10,2025
LGHL,Laxmi Goldorna House Limited,EQ,2023-11-10,10,1,INE258Y01016,10,2023
LIBAS,Libas Consumer Products Limited,EQ,2019-07-23,10,1,INE908V01012,10,2019
LIBERTSHOE,Liberty Shoes Limited,EQ,1995-09-27,10,1,INE557B01019,10,1995
LICHSGFIN,LIC Housing Finance Limited,EQ,1998-07-29,2,1,INE115A01026,2,1998
LICI,Life Insurance Corporation Of India,EQ,2022-05-17,10,1,INE0J1Y01017,10,2022
LIKHITHA,Likhitha Infrastructure Limited,EQ,2020-10-15,5,1,INE060901027,5,2020
LINC,Linc Limited,EQ,2015-03-09,5,1,INE802B01027,5,2015
LINCOLN,Lincoln Pharmaceuticals Limited,EQ,2015-12-17,10,1,INE405C01035,10,2015
LINDEINDIA,Linde India Limited,EQ,1999-06-16,10,1,INE473A01011,10,1999
LKPSEC,LKP Securities Limited,EQ,2026-08-17,2,1,INE341H01023,2,2026
LLOYDSENGG,LLOYDS ENGINEERING WORKS LIMITED,EQ,2016-07-18,1,1,INE093R01011,1,2016
LLOYDSENT,Lloyds Enterprises Limited,EQ,2024-10-17,1,1,INE080I01025,1,2024
LLOYDSME,Lloyds Metals And Energy Limited,EQ,2023-07-17,1,1,INE281B01032,1,2023
LMW,LMW Limited,EQ,1995-03-29,10,1,INE269B01029,10,1995
LODHA,Lodha Developers Limited,EQ,2021-04-19,10,1,INE670K01029,10,2021
LOKESHMACH,Lokesh Machines Limited,EQ,2006-05-05,10,1,INE397H01017,10,2006
LORDSCHLO,Lords Chloro Alkali Limited,EQ,2023-08-28,10,1,INE846D01012,10,2023
LOTUSCHO,Lotus Chocolate Company Limited,EQ,2026-08-17,10,1,INE026D01011,10,2026
LOTUSDEV,Sri Lotus Developers and Realty Limited,BE,2025-08-06,1,1,INE0V9Q01010,1,2025
LOTUSEYE,Lotus Eye Hospital and Institute Limited,EQ,2008-07-11,10,1,INE947I01017,10,2008
LOVABLE,Lovable Lingerie Limited,EQ,2011-03-24,10,1,INE597L01014,10,2011
LOYALTEX,Loyal Textile Mills Limited,EQ,2022-08-11,10,1,INE970D01010,10,2022
LPDC,Landmark Property Development Company Limited,EQ,2008-08-12,1,1,INE197J01017,1,2008
LT,Larsen & Toubro Limited,EQ,2004-06-23,2,1,INE018A01030,2,2004
LTF,L&T Finance Limited,EQ,2011-08-12,10,1,INE498L01015,10,2011
LTFOODS,LT Foods Limited,EQ,2006-12-18,1,1,INE818H01020,1,2006
LTM,LTM Limited,EQ,2016-07-21,1,1,INE214T01019,1,2016
LTTS,L&T Technology Services Limited,EQ,2016-09-23,2,1,INE010V01017,2,2016
LUMAXIND,Lumax Industries Limited,EQ,1995-09-06,10,1,INE162B01018,10,1995
LUMAXTECH,Lumax Auto Technologies Limited,EQ,2007-01-16,2,1,INE872H01027,2,2007
LUMINO,Lumino Industries Limited,EQ,2026-09-03,5,1,INE185Q01025,5,2026
LUPIN,Lupin Limited,EQ,2001-09-10,2,1,INE326A01037,2,2001
LUXIND,Lux Industries Limited,EQ,2015-11-30,2,1,INE150G01020,2,2015
LXCHEM,Laxmi Organic Industries Limited,EQ,2021-03-25,2,1,INE576O01020,2,2021
LYKALABS,Lyka Labs Limited,BE,1995-02-08,10,1,INE933A01014,10,1995
M&M,Mahindra & Mahindra Limited,EQ,1996-01-03,5,1,INE101A01026,5,1996
M&MFIN,Mahindra & Mahindra Financial Services Limited,EQ,2006-03-17,2,1,INE774D01024,2,2006
MAANALU,Maan Aluminium Limited,EQ,2007-10-22,5,1,INE215I01027,5,2007
MACPOWER,Macpower CNC Machines Limited,EQ,2020-08-19,10,1,INE155Z01011,10,2020
MADHAV,Madhav Marbles and Granites Limited,EQ,2007-12-20,10,1,INE925C01016,10,2007
MADHAVIPL,Madhav Infra Projects Limited,EQ,2026-04-20,1,1,INE631R01026,1,2026
MADHUCON,Madhucon Projects Limited,EQ,2006-10-05,1,1,INE378D01032,1,2006
MADRASFERT,Madras Fertilizers Limited,EQ,1997-07-25,10,1,INE414A01015,10,1997
MAFATIND,Mafatlal Industries Limited,EQ,2026-04-20,2,1,INE270B01035,2,2026
MAGADSUGAR,Magadh Sugar & Energy Limited,EQ,2017-07-28,10,1,INE347W01011,10,2017
MAGNUM,Magnum Ventures Limited,EQ,2007-09-20,10,1,INE387I01016,10,2007
MAHABANK,Bank of Maharashtra,EQ,2004-04-12,10,1,INE457A01014,10,2004
MAHAPEXLTD,Maha Rashtra Apex Corporation Limited,EQ,1998-01-21,10,1,INE843B01013,10,1998
MAHASTEEL,Mahamaya Steel Industries Limited,BE,2016-07-01,10,1,INE451L01014,10,2016
MAHEPC,Mahindra EPC Irrigation Limited,EQ,2020-02-14,10,1,INE215D01010,10,2020
MAHESHWARI,Maheshwari Logistics Limited,EQ,2019-04-15,10,1,INE263W01010,10,2019
MAHLIFE,Mahindra Lifespace Developers Limited,EQ,2000-05-10,10,1,INE813A01018,10,2000
MAHLOG,Mahindra Logistics Limited,EQ,2017-11-10,10,1,INE766P01016,10,2017
MAHSCOOTER,Maharashtra Scooters Limited,EQ,1995-02-08,10,1,INE288A01013,10,1995
MAHSEAMLES,Maharashtra Seamless Limited,EQ,2004-08-25,5,1,INE271B01025,5,2004
MAITHANALL,Maithan Alloys Limited,EQ,2011-07-05,10,1,INE683C01011,10,2011
MAJESAUT,Majestic Auto Limited,BE,2026-04-20,10,1,INE201B01022,10,2026
MAKERSL,Makers Laboratories Limited,EQ,2026-08-17,10,1,INE987A01010,10,2026
MALLCOM,Mallcom (India) Limited,EQ,2022-02-02,10,1,INE389C01015,10,2022
MALUPAPER,Malu Paper Mills Limited,EQ,2006-04-05,10,1,INE383H01017,10,2006
MAMATA,Mamata Machinery Limited,EQ,2024-12-27,10,1,INE0TO701015,10,2024
MANAKALUCO,Manaksia Aluminium Company Limited,EQ,2015-03-30,1,1,INE859Q01017,1,2015
MANAKCOAT,Manaksia Coated Metals & Industries Limited,EQ,2015-03-30,1,1,INE830Q01018,1,2015
MANAKSIA,Manaksia Limited,EQ,2008-01-08,2,1,INE015D01022,2,2008
MANAKSTEEL,Manaksia Steels Limited,BE,2015-03-30,1,1,INE824Q01011,1,2015
MANALIPETC,Manali Petrochemicals Limited,EQ,2006-12-06,5,1,INE201A01024,5,2006
MANAPPURAM,Manappuram Finance Limited,EQ,2014-12-01,2,1,INE522D01027,2,2014
MANBA,Manba Finance Limited,EQ,2024-09-30,10,1,INE939X01013,10,2024
MANCREDIT,Mangal Credit and Fincorp Limited,EQ,2024-08-16,10,1,INE545L01039,10,2024
MANGALAM,Mangalam Drugs And Organics Limited,EQ,2005-05-23,10,1,INE584F01014,10,2005
MANGLMCEM,Mangalam Cement Limited,EQ,1996-01-03,10,1,INE347A01017,10,1996
MANIKA,Manika Plastech Limited,BE,2026-09-21,2,1,INE0KWF01020,2,2026
MANINDS,Man Industries (India) Limited,EQ,2005-06-24,5,1,INE993A01026,5,2005
MANINFRA,Man Infraconstruction Limited,EQ,2010-03-11,2,1,INE949H01023,2,2010
MANIPALHOS,Manipal Health Enterprises Limited,EQ,2026-08-05,2,1,INE459N01021,2,2026
MANKIND,Mankind Pharma Limited,EQ,2023-05-09,1,1,INE634S01028,1,2023
MANOMAY,Manomay Tex India Limited,EQ,2023-01-18,10,1,INE784W01015,10,2023
MANORAMA,Manorama Industries Limited,EQ,2022-07-01,2,1,INE00VM01036,2,2022
MANORG,Mangalam Organics Limited,EQ,2021-11-02,10,1,INE370D01013,10,2021
MANUGRAPH,Manugraph India Limited,BE,2006-09-14,2,1,INE867A01022,2,2006
MANYAVAR,Vedant Fashions Limited,EQ,2022-02-16,1,1,INE825V01034,1,2022
MAPMYINDIA,C.E. Info Systems Limited,EQ,2021-12-21,2,1,INE0BV301023,2,2021
MARALOVER,Maral Overseas Limited,EQ,1995-02-08,10,1,INE882A01013,10,1995
MARATHON,Marathon Nextgen Realty Limited,EQ,2016-09-29,5,1,INE182D01020,5,2016
MARICO,Marico Limited,EQ,1996-05-01,1,1,INE196A01026,1,1996
MARINE,Marine Electricals (India) Limited,EQ,2020-12-02,2,1,INE01JE01028,2,2020
MARKOLINES,Markolines Pavement Technologies Limited,EQ,2025-10-14,10,1,INE0FW001016,10,2025
MARKSANS,Marksans Pharma Limited,EQ,2002-01-21,1,1,INE750C01026,1,2002
MARSONS,Marsons Limited,EQ,2026-03-13,1,1,INE415B01044,1,2026
MARUTI,Maruti Suzuki India Limited,EQ,2003-07-09,5,1,INE585B01010,5,2003
MASFIN,MAS Financial Services Limited,EQ,2017-10-18,10,1,INE348L01012,10,2017
MASKINVEST,Mask Investments Limited,EQ,2016-10-14,10,1,INE885F01015,10,2016
MASTEK,Mastek Limited,EQ,1995-05-10,5,1,INE759A01021,5,1995
MASTERTR,Master Trust Limited,EQ,2024-11-12,1,1,INE677D01037,1,2024
MATRIMONY,Matrimony.Com Limited,EQ,2017-09-21,5,1,INE866R01028,5,2017
MAWANASUG,Mawana Sugars Limited,EQ,2009-03-20,10,1,INE636A01039,10,2009
MAXESTATES,Max Estates Limited,EQ,2023-10-30,10,1,INE03EI01018,10,2023
MAXHEALTH,Max Healthcare Institute Limited,EQ,2020-08-21,10,1,INE027H01010,10,2020
MAXIND,Max India Limited,EQ,2020-08-28,10,1,INE0CG601016,10,2020
MAYURUNIQ,Mayur Uniquoters Ltd,EQ,2012-09-25,5,1,INE040D01038,5,2012
MAZDA,Mazda Limited,BE,2016-11-01,2,1,INE885E01042,2,2016
MAZDOCK,Mazagon Dock Shipbuilders Limited,EQ,2020-10-12,5,1,INE249Z01020,5,2020
MBAPL,Madhya Bharat Agro Products Limited,EQ,2019-08-22,2,1,INE900L01028,2,2019
MBECL,Mcnally Bharat Engineering Company Limited,BE,2006-10-06,10,1,INE748A01024,10,2006
MBEL,M & B Engineering Limited,EQ,2025-08-06,10,1,INE08N601015,10,2025
MBLINFRA,MBL Infrastructure Limited,EQ,2010-01-11,10,1,INE912H01013,10,2010
MCCHRLS-B,Mac Charles India Limited,EQ,2026-04-20,10,1,INE435D01014,10,2026
MCL,M TEK COPPER LIMITED,EQ,2020-08-19,5,1,INE813V01022,5,2020
MCLEODRUSS,Mcleod Russel India Limited,EQ,2005-07-29,5,1,INE942G01012,5,2005
MCLOUD,Magellanic Cloud Limited,EQ,2025-02-07,2,1,INE613C01026,2,2025
MCX,Multi Commodity Exchange of India Limited,EQ,2012-03-09,2,1,INE745G01043,2,2012
MEDANTA,Global Health Limited,EQ,2022-11-16,2,1,INE474Q01031,2,2022
MEDIASSIST,Medi Assist Healthcare Services Limited,EQ,2024-01-23,5,1,INE456Z01021,5,2024
MEDICAMEQ,Medicamen Biotech Limited,BE,2021-10-27,10,1,INE646B01010,10,2021
MEDICAPQ,Medi Caps Limited,BE,2026-08-17,10,1,INE442D01010,10,2026
MEDICO,Medico Remedies Limited,EQ,2022-05-26,2,1,INE630Y01024,2,2022
MEDPLUS,Medplus Health Services Limited,EQ,2021-12-23,2,1,INE804L01022,2,2021
MEESHO,Meesho Limited,EQ,2025-12-10,1,1,INE0VDM01015,1,2025
MEGASTAR,Megastar Foods Limited,EQ,2022-02-16,10,1,INE00EM01016,10,2022
MEIL,Mangal Electrical Industries Limited,EQ,2025-08-28,10,1,INE0PKD01011,10,2025
MENNPIS,Menon Pistons Limited,BE,2026-04-20,1,1,INE650G01029,1,2026
MENONBE,Menon Bearings Limited,EQ,2015-03-09,1,1,INE071D01033,1,2015
MEP,MEP Infrastructure Developers Limited,BZ,2015-05-06,10,1,INE776I01010,10,2015
MERCANTILE,Mercantile Ventures Limited,EQ,2026-04-20,10,1,INE689O01013,10,2026
MERCURYEV,Mercury Ev-Tech Limited,EQ,2026-06-02,1,1,INE763M01028,1,2026
METROBRAND,Metro Brands Limited,EQ,2021-12-22,5,1,INE317I01021,5,2021
METROGLOBL,Metroglobal Limited,EQ,2026-04-20,10,1,INE085D01033,10,2026
METROPOLIS,Metropolis Healthcare Limited,EQ,2019-04-15,2,1,INE112L01020,2,2019
MFML,Mahalaxmi Fabric Mills Limited,EQ,2024-08-27,10,1,INE0US801024,10,2024
MFSL,Max Financial Services Limited,EQ,2000-05-17,2,1,INE180A01020,2,2000
MGEL,Mangalam Global Enterprise Limited,EQ,2020-12-23,1,1,INE0APB01032,1,2020
MGL,Mahanagar Gas Limited,EQ,2016-07-01,10,1,INE002S01010,10,2016
MHLXMIRU,Mahalaxmi Rubtech Limited,BE,2022-01-27,10,1,INE112D01035,10,2022
MHRIL,Mahindra Holidays & Resorts India Limited,EQ,2009-07-16,10,1,INE998I01010,10,2009
MICEL,MIC Electronics Limited,BE,2021-12-17,2,1,INE287C01037,2,2021
MIDHANI,Mishra Dhatu Nigam Limited,EQ,2018-04-04,10,1,INE099Z01011,10,2018
MIDWESTLTD,Midwest Limited,EQ,2025-10-24,5,1,INE0XAD01024,5,2025
MIIL,Meghna Infracon Infrastructure Limited,EQ,2026-08-17,10,1,INE898Q01015,10,2026
MILKYMIST,Milky Mist Dairy Food Limited,BE,2026-08-18,2,1,INE00IT01020,2,2026
MINALIND,Minal Industries Limited,BE,2026-08-17,2,1,INE097E01028,2,2026
MINDACORP,Minda Corporation Limited,EQ,2014-10-16,2,1,INE842C01021,2,2014
MINDTECK,Mindteck (India) Limited,EQ,2016-08-02,10,1,INE110B01017,10,2016
MIRZAINT,Mirza International Limited,EQ,1999-04-28,2,1,INE771A01026,2,1999
MITCON,MITCON Consultancy & Engineering Services Limited,EQ,2022-03-17,10,1,INE828O01033,10,2022
MITTAL,Mittal Life Style Limited,EQ,2020-04-29,1,1,INE997Y01027,1,2020
MKEXIM,M.K. Exim (India) Limited,EQ,2026-08-17,10,1,INE227F01010,10,2026
MKPL,M K Proteins Limited,EQ,2023-06-13,1,1,INE964W01021,1,2023
MLKFOOD,Milkfood Limited,EQ,2026-08-17,5,1,INE588G01021,5,2026
MMFL,MM Forgings Limited,EQ,2006-12-20,10,1,INE227C01017,10,2006
MMP,MMP Industries Limited,EQ,2020-01-09,10,1,INE511Y01018,10,2020
MMTC,MMTC Limited,EQ,2012-04-09,1,1,INE123F01029,1,2012
MMWL,Media Matrix Worldwide Limited,EQ,2026-04-20,1,1,INE200D01020,1,2026
MOBIKWIK,One Mobikwik Systems Limited,EQ,2024-12-18,2,1,INE0HLU01028,2,2024
MODINATUR,Modi Naturals Limited,EQ,2025-12-11,10,1,INE537F01012,10,2025
MODIRUBBER,Modi Rubber Limited,EQ,1996-02-07,10,1,INE832A01018,10,1996
MODIS,Modis Navnirman Limited,EQ,2025-11-14,10,1,INE0L0L01012,10,2025
MODISONLTD,MODISON LIMITED,BE,2021-05-03,1,1,INE737D01021,1,2021
MODTHREAD,Modern Threads (India) Limited,EQ,1995-11-22,10,50,INE794W01014,10,1995
MOHITE,Mohite Industries Limited,EQ,2026-08-17,1,1,INE154B01023,1,2026
MOHITIND,Mohit Industries Limited,EQ,2013-03-14,10,1,INE954E01012,10,2013
MOIL,MOIL Limited,EQ,2010-12-15,10,1,INE490G01020,10,2010
MOKSH,Moksh Ornaments Limited,EQ,2021-05-21,2,1,INE514Y01020,2,2021
MOL,Meghmani Organics Limited,EQ,2021-08-18,1,1,INE0CT101020,1,2021
MOLBIO,Molbio Diagnostics Limited,EQ,2026-08-17,1,1,INE869T01028,1,2026
MOLDTECH,Mold-Tek Technologies Limited,BE,2016-07-07,2,1,INE835B01035,2,2016
MOLDTKPAC,Mold-Tek Packaging Limited,EQ,2015-02-23,5,1,INE893J01029,5,2015
MOMSBELIEF,Rays of Belief Limited,EQ,2026-09-08,10,1,INE1FCO01014,10,2026
MONARCH,Monarch Networth Capital Limited,EQ,2022-01-06,10,1,INE903D01011,10,2022
MONEYBOXX,Moneyboxx Finance Limited,BE,2025-10-15,10,1,INE296Q01012,10,2025
MONEYVIEW,Moneyview Limited,EQ,2026-10-01,1,1,INE0PTN01011,1,2026
MONTECARLO,Monte Carlo Fashions Limited,EQ,2014-12-19,10,1,INE950M01013,10,2014
MOREPENLAB,Morepen Laboratories Limited,EQ,1999-11-24,2,1,INE083A01026,2,1999
MOSCHIP,Moschip Technologies Limited,EQ,2025-02-05,2,1,INE935B01025,2,2025
MOTHERSON,Samvardhana Motherson International Limited,EQ,1996-08-14,1,1,INE775A01035,1,1996
MOTILALOFS,Motilal Oswal Financial Services Limited,EQ,2007-09-11,1,1,INE338I01027,1,2007
MOTISONS,Motisons Jewellers Limited,EQ,2023-12-26,1,1,INE0FRK01020,1,2023
MOTOGENFIN,The Motor & General Finance Limited,EQ,1995-02-08,5,1,INE861B01023,5,1995
MPDL,MPDL Limited,BE,2026-08-17,10,1,INE493H01014,10,2026
MPHASIS,MphasiS Limited,EQ,2004-06-04,10,1,INE356A01018,10,2004
MPIMANIPAL,Manipal Payment and Identity Solutions Limited,EQ,2026-09-17,2,1,INE241U01028,2,2026
MPSLTD,MPS Limited,EQ,2002-01-21,10,1,INE943D01017,10,2002
MRF,MRF Limited,EQ,1996-09-18,10,1,INE883A01011,10,1996
MRPL,Mangalore Refinery and Petrochemicals Limited,EQ,2005-01-07,10,1,INE103A01014,10,2005
MSL,Mangalam Seeds Limited,EQ,2026-08-17,10,1,INE829S01016,10,2026
MSPL,MSP Steel & Power Limited,EQ,2005-07-18,10,1,INE752G01015,10,2005
MSTCLTD,Mstc Limited,EQ,2019-03-29,10,1,INE255X01014,10,2019
MSUMI,Motherson Sumi Wiring India Limited,EQ,2022-03-28,1,1,INE0FS801015,1,2022
MTARTECH,Mtar Technologies Limited,BE,2021-03-15,10,1,INE864I01014,10,2021
MTEDUCARE,MT Educare Limited,BE,2012-04-12,10,1,INE472M01018,10,2012
MTNL,Mahanagar Telephone Nigam Limited,EQ,1999-02-17,10,1,INE153A01019,10,1999
MUFIN,Mufin Green Finance Limited,EQ,2023-11-06,1,1,INE08KJ01020,1,2023
MUFTI,Credo Brands Marketing Limited,EQ,2023-12-27,2,1,INE220Q01020,2,2023
MUKANDLTD,Mukand Limited,EQ,2004-02-23,10,1,INE304A01026,10,2004
MUKESHB,Mukesh Babu Financial Services Limited,EQ,2026-08-17,10,1,INE596B01017,10,2026
MUKKA,Mukka Proteins Limited,BE,2024-03-07,1,1,INE0CG401037,1,2024
MUKTAARTS,Mukta Arts Limited,EQ,2000-09-12,5,1,INE374B01019,5,2000
MUNJALAU,Munjal Auto Industries Limited,EQ,2006-07-19,2,1,INE672B01032,2,2006
MUNJALSHOW,Munjal Showa Limited,EQ,2003-05-12,2,1,INE577A01027,2,2003
MURUDCERA,Murudeshwar Ceramics Limited,EQ,2004-05-28,10,1,INE692B01014,10,2004
MUTHOOTCAP,Muthoot Capital Services Limited,EQ,2015-08-24,10,1,INE296G01013,10,2015
MUTHOOTFIN,Muthoot Finance Limited,EQ,2011-05-06,10,1,INE414G01012,10,2011
MUTHOOTMF,Muthoot Microfin Limited,EQ,2023-12-26,10,1,INE046W01019,10,2023
MVELECTRO,MV Electrosystems Limited,EQ,2026-08-06,5,1,INE0OWZ01020,5,2026
MVGJL,Manoj Vaibhav Gems N Jewellers Limited,EQ,2023-10-03,10,1,INE0KNT01012,10,2023
MWL,Mangalam Worldwide Limited,EQ,2025-09-18,1,1,INE0JYY01029,1,2025
MYSORPETRO,Mysore Petro Chemicals Limited,BE,2026-08-17,10,1,INE741A01011,10,2026
NACLIND,NACL Industries Limited,EQ,2017-04-07,1,1,INE295D01020,1,2017
NAGREEKCAP,Nagreeka Capital & Infrastructure Limited,EQ,2007-09-18,5,1,INE245I01016,5,2007
NAGREEKEXP,Nagreeka Exports Limited,EQ,2007-06-18,5,1,INE123B01028,5,2007
NAHARCAP,Nahar Capital and Financial Services Limited,EQ,2008-03-11,5,1,INE049I01012,5,2008
NAHARINDUS,Nahar Industrial Enterprises Limited,EQ,2005-12-15,10,1,INE289A01011,10,2005
NAHARPOLY,Nahar Poly Films Limited,EQ,2007-03-23,5,1,INE308A01027,5,2007
NAHARSPING,Nahar Spinning Mills Limited,EQ,2007-03-23,5,1,INE290A01027,5,2007
NAM-INDIA,Nippon Life India Asset Management Limited,EQ,2017-11-06,10,1,INE298J01013,10,2017
NARMADA,Narmada Agrobase Limited,EQ,2022-10-27,5,1,INE117Z01029,5,2022
NATCAPSUQ,Natural Capsules Limited,BE,2025-02-14,10,1,INE936B01015,10,2025
NATCOPHARM,Natco Pharma Limited,EQ,1995-12-27,2,1,INE987B01026,2,1995
NATHBIOGEN,Nath Bio-Genes (India) Limited,EQ,2014-01-28,10,1,INE448G01010,10,2014
NATIONALUM,National Aluminium Company Limited,EQ,1999-04-28,5,1,INE139A01034,5,1999
NATIONSTD,National Standard (India) Limited,EQ,2026-04-20,10,1,INE166R01015,10,2026
NAUKRI,Info Edge (India) Limited,EQ,2006-11-21,2,1,INE663F01032,2,2006
NAVA,NAVA LIMITED,EQ,1996-04-03,1,1,INE725A01030,1,1996
NAVINFLUOR,Navin Fluorine International Limited,EQ,2007-06-01,2,1,INE048G01026,2,2007
NAVKARCORP,Navkar Corporation Limited,EQ,2015-09-09,10,1,INE278M01019,10,2015
NAVKARURB,Navkar Urbanstructure Limited,EQ,2025-01-17,1,1,INE268H01044,1,2025
NAVNETEDUL,Navneet Education Limited,EQ,1995-02-08,2,1,INE060A01024,2,1995
NAZARA,Nazara Technologies Limited,EQ,2021-03-30,2,1,INE418L01047,2,2021
NBCC,NBCC (India) Limited,EQ,2012-04-12,1,1,INE095N01031,1,2012
NBIFIN,N. B. I. Industrial Finance Company Limited,EQ,2016-11-23,5,1,INE365I01020,5,2016
NCC,NCC Limited,EQ,2003-10-14,2,1,INE868B01028,2,2003
NCLIND,NCL Industries Limited,EQ,2007-04-03,10,1,INE732C01016,10,2007
NDGL,Naga Dhunseri Group Limited,EQ,2016-08-29,10,1,INE756C01015,10,2016
NDL,Nandan Denim Limited,EQ,2012-03-23,1,1,INE875G01048,1,2012
NDLVENTURE,NDL Ventures Limited,EQ,2007-04-24,10,1,INE353A01023,10,2007
NDRAUTO,Ndr Auto Components Limited,EQ,2020-07-30,10,1,INE07OG01012,10,2020
NDTV,New Delhi Television Limited,EQ,2004-05-19,4,1,INE155G01029,4,2004
NEAGI,Neelamalai Agro Industries Limited,EQ,2026-04-20,10,1,INE605D01012,10,2026
NECCLTD,North Eastern Carrying Corporation Limited,BE,2016-03-02,10,1,INE553C01016,10,2016
NECLIFE,Nectar Lifesciences Limited,EQ,2005-07-18,1,1,INE023H01027,1,2005
NELCAST,Nelcast Limited,EQ,2007-06-27,2,1,INE189I01024,2,2007
NELCO,NELCO Limited,EQ,2003-05-28,10,1,INE045B01015,10,2003
NEOGEN,Neogen Chemicals Limited,EQ,2019-05-08,10,1,INE136S01016,10,2019
NEPHROPLUS,Nephrocare Health Services Limited,EQ,2025-12-17,2,1,INE428V01029,2,2025
NESCO,Nesco Limited,EQ,2008-04-08,2,1,INE317F01035,2,2008
NESTLEIND,Nestle India Limited,EQ,2023-08-01,1,1,INE239A01024,1,2023
NETWEB,Netweb Technologies India Limited,EQ,2023-07-27,2,1,INE0NT901020,2,2023
NETWORK18,Network18 Media & Investments Limited,EQ,2007-02-02,5,1,INE870H01013,5,2007
NEUEON,Neueon Corporation Limited,BE,2013-09-11,1,1,INE333I01044,1,2013
NEULANDLAB,Neuland Laboratories Limited,EQ,2008-10-13,10,1,INE794A01010,10,2008
NEWGEN,Newgen Software Technologies Limited,EQ,2018-01-29,10,1,INE619B01017,10,2018
NEXTMEDIA,Next Mediaworks Limited,EQ,2001-04-04,10,1,INE747B01016,10,2001
NFL,National Fertilizers Limited,EQ,2006-12-28,10,1,INE870D01012,10,2006
NGIL,Nakoda Group of Industries Limited,EQ,2021-08-20,10,1,INE236Y01012,10,2021
NGLFINE,NGL Fine-Chem Limited,EQ,2022-07-08,5,1,INE887E01022,5,2022
NH,Narayana Hrudayalaya Ltd.,EQ,2016-01-06,10,1,INE410P01011,10,2016
NHPC,NHPC Limited,EQ,2009-09-01,10,1,INE848E01016,10,2009
NIACL,The New India Assurance Company Limited,EQ,2017-11-13,5,1,INE470Y01017,5,2017
NIBE,NIBE Limited,EQ,2025-02-07,10,1,INE149O01018,10,2025
NIBL,NRB Industrial Bearings Limited,EQ,2013-04-09,2,1,INE047O01014,2,2013
NICCOPAR,Nicco Parks & Resorts Limited,EQ,2026-08-17,1,1,INE653C01022,1,2026
NIITLTD,NIIT Limited,EQ,2004-08-16,2,1,INE161A01038,2,2004
NIITMTS,NIIT Learning Systems Limited,EQ,2023-08-08,2,1,INE342G01023,2,2023
NILAINFRA,Nila Infrastructures Limited,EQ,2015-05-21,1,1,INE937C01029,1,2015
NILASPACES,Nila Spaces Limited,EQ,2018-12-28,1,1,INE00S901012,1,2018
NILE,Nile Limited,EQ,2026-04-20,10,1,INE445D01013,10,2026
NILKAMAL,Nilkamal Limited,EQ,1995-11-01,10,1,INE310A01015,10,1995
NIMBSPROJ,Nimbus Projects Limited,EQ,2026-04-06,10,1,INE875B01015,10,2026
NINSYS,NINtec Systems Limited,EQ,2023-02-21,10,1,INE395U01014,10,2023
NIPPOBATRY,Indo-National Limited,EQ,1999-10-06,5,1,INE567A01028,5,1999
NIRAJ,Niraj Cement Structurals Limited,EQ,2020-10-01,10,1,INE368I01016,10,2020
NIRAJISPAT,Niraj Ispat Industries Limited,BE,2016-10-27,10,1,INE326T01011,10,2016
NIRLON,Nirlon Limited,EQ,2026-04-20,10,1,INE910A01012,10,2026
NITCO,Nitco Limited,EQ,2006-03-21,10,1,INE858F01012,10,2006
NITINSPIN,Nitin Spinners Limited,EQ,2006-02-02,10,1,INE229H01012,10,2006
NITIRAJ,Nitiraj Engineers Limited,EQ,2021-04-22,10,1,INE439T01012,10,2021
NITTAGELA,Nitta Gelatin India Limited,EQ,2026-04-20,10,1,INE265B01019,10,2026
NIVABUPA,Niva Bupa Health Insurance Company Limited,EQ,2024-11-14,10,1,INE995S01015,10,2024
NKIND,NK Industries Limited,EQ,1995-07-07,10,1,INE542C01019,10,1995
NLCINDIA,NLC India Limited,EQ,2000-08-23,10,1,INE589A01014,10,2000
NMDC,NMDC Limited,EQ,2008-03-03,1,1,INE584A01023,1,2008
NOCIL,NOCIL Limited,EQ,1996-01-17,10,1,INE163A01018,10,1996
NOIDATOLL,Noida Toll Bridge Company Limited,EQ,2002-12-06,10,1,INE781B01015,10,2002
NORBTEAEXP,Norben Tea & Exports Limited,EQ,1996-06-26,10,1,INE369C01017,10,1996
NORTHARC,Northern Arc Capital Limited,EQ,2024-09-24,10,1,INE850M01015,10,2024
NOVAAGRI,Nova Agritech Limited,EQ,2024-01-31,2,1,INE02H701025,2,2024
NOVARTIND,Novartis India Limited,EQ,2026-04-20,5,1,INE234A01025,5,2026
NPST,Network People Services Technologies Limited,EQ,2025-04-30,10,1,INE0FFK01017,10,2025
NRAIL,N R Agarwal Industries Limited,EQ,2017-04-05,10,1,INE740D01017,10,2017
NRBBEARING,NRB Bearing Limited,EQ,2000-03-08,2,1,INE349A01021,2,2000
NRL,Nupur Recyclers Limited,BE,2023-01-12,10,1,INE0JM501013,10,2023
NSIL,Nalwa Sons Investments Limited,EQ,2003-11-17,10,1,INE023A01030,10,2003
NSLNISP,NMDC Steel Limited,EQ,2023-02-20,10,1,INE0NNS01018,10,2023
NTCIND,NTC Industries Limited,EQ,2026-08-17,10,1,INE920C01017,10,2026
NTPC,NTPC Limited,EQ,2004-11-05,10,1,INE733E01010,10,2004
NTPCGREEN,NTPC Green Energy Limited,EQ,2024-11-27,10,1,INE0ONG01011,10,2024
NUCLEUS,Nucleus Software Exports Limited,EQ,2002-12-19,10,1,INE096B01018,10,2002
NURECA,Nureca Limited,BE,2021-02-25,10,1,INE0DSF01015,10,2021
NUVAMA,Nuvama Wealth Management Limited,EQ,2023-09-26,2,1,INE531F01023,2,2023
NUVOCO,Nuvoco Vistas Corporation Limited,EQ,2021-08-23,10,1,INE118D01016,10,2021
NYKAA,FSN E-Commerce Ventures Limited,EQ,2021-11-10,1,1,INE388Y01029,1,2021
OAL,Oriental Aromatics Limited,EQ,2019-07-11,5,1,INE959C01023,5,2019
OBCL,OBCL Limited,EQ,2022-04-07,10,1,INE426Z01016,10,2022
OBEROIRLTY,Oberoi Realty Limited,EQ,2010-10-20,10,1,INE093I01010,10,2010
OCCLLTD,OCCL Limited,BE,2024-10-29,2,1,INE0PK601023,2,2024
ODIGMA,Odigma Consultancy Solutions Limited,EQ,2024-12-12,1,1,INE054301028,1,2024
ODYCORP,Odyssey Corporation Limited,EQ,2026-08-17,5,1,INE839E01023,5,2026
OFSS,Oracle Financial Services Software Limited,EQ,2002-06-28,5,1,INE881D01027,5,2002
OIL,Oil India Limited,EQ,2009-09-30,10,1,INE274J01014,10,2009
OILCOUNTUB,Oil Country Tubular Limited,BE,1995-08-30,10,1,INE591A01010,10,1995
OLAELEC,Ola Electric Mobility Limited,EQ,2024-08-09,10,1,INE0LXG01040,10,2024
OLECTRA,Olectra Greentech Limited,EQ,2002-03-20,4,1,INE260D01016,4,2002
OMAXAUTO,Omax Autos Limited,EQ,2003-02-20,10,1,INE090B01011,10,2003
OMAXE,Omaxe Limited,EQ,2007-08-09,10,1,INE800H01010,10,2007
OMFREIGHT,Om Freight Forwarders Limited,BE,2025-10-08,10,1,INE1BZC01019,10,2025
OMINFRAL,OM INFRA LIMITED,EQ,2011-06-17,1,1,INE239D01028,1,2011
OMNI,Omnitech Engineering Limited,EQ,2026-03-05,5,1,INE0UH301010,5,2026
OMPOWER,Om Power Transmission Limited,EQ,2026-04-17,10,1,INE25E901019,10,2026
ONEGLOBAL,One Global Service Provider Limited,EQ,2026-08-17,10,1,INE670O01013,10,2026
ONELIFECAP,Onelife Capital Advisors Limited,BE,2011-10-17,10,1,INE912L01015,10,2011
ONEPOINT,One Point One Solutions Limited,EQ,2019-05-09,2,1,INE840Y01029,2,2019
ONESOURCE,Onesource Specialty Pharma Limited,EQ,2025-01-24,1,1,INE013P01021,1,2025
ONGC,Oil & Natural Gas Corporation Limited,EQ,1995-07-19,5,1,INE213A01029,5,1995
ONIDA,Onida Electronics Limited,EQ,2004-05-24,1,1,INE831A01028,1,2004
ONIXSOLAR,Onix Solar Energy Limited,EQ,2026-08-17,10,1,INE173M01012,10,2026
ONMOBILE,OnMobile Global Limited,BE,2008-02-19,10,1,INE809I01019,10,2008
ONWARDTEC,Onward Technologies Limited,EQ,2001-03-07,10,1,INE229A01017,10,2001
OPTIEMUS,Optiemus Infracom Limited,EQ,2017-08-08,10,1,INE350C01017,10,2017
OPTIFIN,Optimus Finance Limited,EQ,2026-08-17,1,1,INE031G01022,1,2026
ORBTEXP,Orbit Exports Limited,EQ,2013-11-05,10,1,INE231G01010,10,2013
ORCHASP,Orchasp Limited,EQ,2025-02-07,2,1,INE215B01022,2,2025
ORCHPHARMA,Orchid Pharma Limited,EQ,2020-11-02,10,1,INE191A01027,10,2020
ORICONENT,Oricon Enterprises Limited,EQ,2015-07-24,2,1,INE730A01022,2,2015
ORIENTALTL,Oriental Trimex Limited,EQ,2007-03-07,10,1,INE998H01012,10,2007
ORIENTBELL,Orient Bell Limited,EQ,2007-02-14,10,1,INE607D01018,10,2007
ORIENTCEM,Orient Cement Limited,EQ,2013-07-12,1,1,INE876N01018,1,2013
ORIENTCER,ORIENT CERATECH LIMITED,EQ,2005-12-15,1,1,INE569C01020,1,2005
ORIENTELEC,Orient Electric Limited,EQ,2018-05-14,1,1,INE142Z01019,1,2018
ORIENTHOT,Oriental Hotels Limited,EQ,1998-08-27,1,1,INE750A01020,1,1998
ORIENTLTD,Orient Press Limited,BE,2010-03-03,10,1,INE609C01024,10,2010
ORIENTPPR,Orient Paper & Industries Limited,EQ,1995-03-29,1,1,INE592A01026,1,1995
ORIENTTECH,Orient Technologies Limited,EQ,2024-08-28,10,1,INE0PPK01015,10,2024
ORIRAIL,Oriental Rail Infrastructure Limited,EQ,2026-08-17,1,1,INE457G01029,1,2026
ORISSAMINE,The Orissa Minerals Development Company Limited,EQ,2010-09-29,1,1,INE725E01024,1,2010
ORKLAINDIA,Orkla India Limited,EQ,2025-11-06,1,1,INE16NZ01023,1,2025
ORTINGLOBE,ORTIN GLOBAL LIMITED,EQ,2021-03-30,10,1,INE749B01020,10,2021
OSIAHYPER,Osia Hyper Retail Limited,BE,2022-12-01,1,1,INE06IR01021,1,2022
OSWALAGRO,Oswal Agro Mills Limited,EQ,1995-03-29,10,1,INE142A01012,10,1995
OSWALGREEN,Oswal Greentech Limited,EQ,1996-08-28,10,1,INE143A01010,10,1996
OSWALPUMPS,Oswal Pumps Limited,EQ,2025-06-20,1,1,INE0BYP01024,1,2025
OSWALSEEDS,ShreeOswal Seeds And Chemicals Limited,EQ,2023-02-28,2,1,INE00IK01029,2,2023
PACEDIGITK,Pace Digitek Limited,EQ,2025-10-06,2,1,INE0S3G01027,2,2025
PACIFICI,Pacific Industries Limited,EQ,2026-08-17,10,1,INE883C01025,10,2026
PAGEIND,Page Industries Limited,EQ,2007-03-16,10,1,INE761H01022,10,2007
PAISALO,Paisalo Digital Limited,EQ,2011-10-17,1,1,INE420C01059,1,2011
PAKKA,PAKKA LIMITED,EQ,2023-07-11,10,1,INE551D01018,10,2023
PALASHSECU,Palash Securities Limited,EQ,2017-07-28,10,1,INE471W01019,10,2017
PALREDTEC,Palred Technologies Limited,EQ,2016-05-09,10,1,INE218G01033,10,2016
PANACEABIO,Panacea Biotec Limited,EQ,1996-04-17,1,1,INE922B01023,1,1996
PANACHE,Panache Digilife Limited,BE,2020-01-06,10,1,INE895W01019,10,2020
PANAMAPET,Panama Petrochem Limited,EQ,2011-09-30,2,1,INE305C01029,2,2011
PANCHMAHQ,Panchmahal Steel Limited,EQ,2026-08-17,10,1,INE798F01010,10,2026
PANORAMA,Panorama Studios International Limited,EQ,2026-08-17,2,1,INE258R01028,2,2026
PANSARI,Pansari Developers Limited,EQ,2021-10-18,10,1,INE697V01011,10,2021
PAR,Par Drugs And Chemicals Limited,BE,2021-09-16,10,1,INE04LG01015,10,2021
PARACABLES,Paramount Communications Limited,EQ,2007-01-03,2,1,INE074B01023,2,2007
PARADEEP,Paradeep Phosphates Limited,EQ,2022-05-27,10,1,INE088F01024,10,2022
PARAGMILK,Parag Milk Foods Limited,EQ,2016-05-19,10,1,INE883N01014,10,2016
PARAS,Paras Defence and Space Technologies Limited,EQ,2021-10-01,5,1,INE045601023,5,2021
PARASPETRO,Paras Petrofils Limited,EQ,1996-02-14,1,1,INE162C01024,1,1996
PARIN,Parin Enterprises Limited,EQ,2026-09-25,10,1,INE00U801010,10,2026
PARKHOSPS,Park Medi World Limited,EQ,2025-12-17,2,1,INE119201023,2,2025
PARKHOTELS,Apeejay Surrendra Park Hotels Limited,EQ,2024-02-12,1,1,INE988S01028,1,2024
PARNAXLAB,Parnax Lab Limited,EQ,2026-08-17,10,1,INE383L01019,10,2026
PARSVNATH,Parsvnath Developers Limited,BE,2006-11-30,5,1,INE561H01026,5,2006
PASHUPATI,Pashupati Cotspin Limited,EQ,2025-07-17,1,1,INE124Y01028,1,2025
PASUPTAC,Pasupati Acrylon Limited,EQ,2021-10-12,10,1,INE818B01023,10,2021
PATANJALI,Patanjali Foods Limited,EQ,2020-01-24,2,1,INE619A01035,2,2020
PATELENG,Patel Engineering Limited,EQ,2005-02-24,1,1,INE244B01030,1,2005
PATELRMART,Patel Retail Limited,EQ,2025-08-26,10,1,INE0R8B01010,10,2025
PATINTLOG,Patel Integrated Logistics Limited,EQ,2008-01-11,10,1,INE529D01014,10,2008
PAUSHAKLTD,Paushak Limited,EQ,2025-12-01,5,1,INE111F01024,5,2025
PAVNAIND,Pavna Industries Limited,EQ,2023-06-01,1,1,INE07S101038,1,2023
PAYTM,One 97 Communications Limited,EQ,2021-11-18,1,1,INE982J01020,1,2021
PBMPOLY,PBM Polytex Limited,EQ,2026-08-17,10,1,INE501F01018,10,2026
PCBL,PCBL Chemical Limited,EQ,1995-03-29,1,1,INE602A01031,1,1995
PCJEWELLER,PC Jeweller Limited,EQ,2012-12-27,1,1,INE785M01021,1,2012
PDMJEPAPER,Pudumjee Paper Products Limited,EQ,2016-03-30,1,1,INE865T01018,1,2016
PDSL,PDS Limited,EQ,2014-10-21,2,1,INE111Q01021,2,2014
PEARLPOLY,Pearl Polymers Limited,EQ,1995-10-11,10,1,INE844A01013,10,1995
PENIND,Pennar Industries Limited,EQ,2010-11-25,5,1,INE932A01024,5,2010
PENINLAND,Peninsula Land Limited,EQ,1995-02-08,2,1,INE138A01028,2,1995
PERMAGN,Permanent Magnets Limited,EQ,2026-08-17,10,1,INE418E01018,10,2026
PERNIASPOP,Purple Style Labs Limited,EQ,2026-09-07,10,1,INE0I1B01016,10,2026
PERSISTENT,Persistent Systems Limited,EQ,2010-04-06,5,1,INE262H01021,5,2010
PETRONET,Petronet LNG Limited,EQ,2004-03-26,10,1,INE347G01014,10,2004
PFC,Power Finance Corporation Limited,EQ,2007-02-23,10,1,INE134E01011,10,2007
PFIZER,Pfizer Limited,EQ,1999-04-28,10,1,INE182A01018,10,1999
PFOCUS,Prime Focus Limited,EQ,2006-06-20,1,1,INE367G01038,1,2006
PFS,PTC India Financial Services Limited,EQ,2011-03-30,10,1,INE560K01014,10,2011
PGEL,PG Electroplast Limited,EQ,2011-09-26,1,1,INE457L01029,1,2011
PGHH,Procter & Gamble Hygiene and Health Care Limited,EQ,2004-07-07,10,1,INE179A01014,10,2004
PGHL,Procter & Gamble Health Limited,EQ,1996-04-24,10,1,INE199A01012,10,1996
PGIL,Pearl Global Industries Limited,EQ,2007-02-15,5,1,INE940H01022,5,2007
PHOENIXLTD,The Phoenix Mills Limited,EQ,2007-04-23,2,1,INE211B01039,2,2007
PHOENXINTL,Phoenix International Limited,EQ,2026-08-17,10,1,INE245B01011,10,2026
PICCADIL,Piccadily Agro Industries Limited,EQ,2025-07-02,10,1,INE546C01010,10,2025
PIDILITIND,Pidilite Industries Limited,EQ,1995-03-29,1,1,INE318A01026,1,1995
PIGL,Power & Instrumentation (Gujarat) Limited,EQ,2023-05-17,10,1,INE557Z01018,10,2023
PIIND,PI Industries Limited,EQ,2011-06-15,1,1,INE603J01030,1,2011
PILANIINVS,Pilani Investment and Industries Corporation Limited,EQ,2015-12-08,10,1,INE417C01014,10,2015
PILITA,PIL ITALICA LIFESTYLE LIMITED,EQ,2013-10-07,1,1,INE600A01035,1,2013
PINELABS,Pine Labs Limited,EQ,2025-11-14,1,1,INE15B701018,1,2025
PIONEEREMB,Pioneer Embroideries Limited,EQ,2006-05-16,10,1,INE156C01018,10,2006
PIONRINV,Pioneer Investcorp Limited,BE,2026-04-20,10,1,INE746D01014,10,2026
PIRAMALFIN,Piramal Finance Limited,EQ,2025-11-07,2,1,INE202B01038,2,2025
PITTIENG,Pitti Engineering Limited,EQ,2007-02-02,5,1,INE450D01021,5,2007
PIXTRANS,Pix Transmissions Limited,EQ,2022-04-28,10,1,INE751B01018,10,2022
PKTEA,The Peria Karamalai Tea & Produce Company Limited,BE,2015-08-19,10,1,INE431F01018,10,2015
PLASTIBLEN,Plastiblends India Limited,EQ,2006-12-28,5,1,INE083C01022,5,2006
PLATIND,Platinum Industries Limited,EQ,2024-03-05,10,1,INE0PT501018,10,2024
PLAZACABLE,Plaza Wires Limited,EQ,2023-10-12,10,1,INE0INJ01017,10,2023
PML,Paul Merchants Limited,EQ,2026-04-20,10,1,INE291E01019,10,2026
PNB,Punjab National Bank,EQ,2002-04-24,2,1,INE160A01022,2,2002
PNBGILTS,PNB Gilts Limited,EQ,2000-09-18,10,1,INE859A01011,10,2000
PNBHOUSING,PNB Housing Finance Limited,EQ,2016-11-07,10,1,INE572E01012,10,2016
PNC,PNC Media and Entertainment Limited,EQ,2000-12-11,10,1,INE392B01011,10,2000
PNCINFRA,PNC Infratech Limited,EQ,2015-05-26,2,1,INE195J01029,2,2015
PNGJL,P N Gadgil Jewellers Limited,EQ,2024-09-17,10,1,INE953R01016,10,2024
PNGSREVA,PNGS Reva Diamond Jewellery Limited,EQ,2026-03-04,10,1,INE1RDG01013,10,2026
POCL,Pondy Oxides & Chemicals Limited,EQ,2023-03-06,2,1,INE063E01061,2,2023
PODDARMENT,Poddar Pigments Limited,EQ,2016-11-22,10,1,INE371C01013,10,2016
POEL,POCL Enterprises Limited,EQ,2026-08-17,2,1,INE035S01028,2,2026
POKARNA,Pokarna Limited,EQ,2016-07-07,2,1,INE637C01025,2,2016
POLICYBZR,PB Fintech Limited,EQ,2021-11-15,2,1,INE417T01026,2,2021
POLYCAB,Polycab India Limited,EQ,2019-04-16,10,1,INE455K01017,10,2019
POLYMED,Poly Medicure Limited,EQ,2011-12-07,5,1,INE205C01021,5,2011
POLYPLEX,Polyplex Corporation Limited,EQ,2003-04-11,10,1,INE633B01018,10,2003
POLYSPIN,Polyspin Exports Limited,EQ,2026-08-17,5,1,INE914G01029,5,2026
PONNIERODE,Ponni Sugars (Erode) Limited,EQ,2002-04-16,10,1,INE838E01017,10,2002
POONAWALLA,Poonawalla Fincorp Limited,EQ,2004-04-27,2,1,INE511C01022,2,2004
POWERGRID,Power Grid Corporation of India Limited,EQ,2007-10-05,10,1,INE752E01010,10,2007
POWERICA,Powerica Limited,EQ,2026-04-02,5,1,INE921L01032,5,2026
POWERINDIA,Hitachi Energy India Limited,EQ,2020-03-30,2,1,INE07Y701011,2,2020
POWERMECH,Power Mech Projects Limited,EQ,2015-08-26,10,1,INE211R01019,10,2015
PPAP,PPAP Automotive Limited,BE,2008-01-11,10,1,INE095I01015,10,2008
PPL,Prakash Pipes Limited,BE,2019-06-14,10,1,INE050001010,10,2019
PPLPHARMA,Piramal Pharma Limited,EQ,2022-10-19,10,1,INE0DK501011,10,2022
PRABHA,Prabha Energy Limited,EQ,2025-03-19,1,1,INE0I0M01023,1,2025
PRADPME,Pradeep Metals Limited,BE,2026-04-20,10,1,INE770A01010,10,2026
PRAENG,Prajay Engineers Syndicate Limited,EQ,2007-01-02,10,1,INE505C01016,10,2007
PRAJIND,Praj Industries Limited,EQ,1995-10-11,2,1,INE074A01025,2,1995
PRAKASH,Prakash Industries Limited,EQ,1995-05-10,10,1,INE603A01013,10,1995
PRAKASHSTL,Prakash Steelage Limited,EQ,2010-08-25,1,1,INE696K01024,1,2010
PRANAV,Pranav Constructions Limited,EQ,2026-09-15,10,1,INE0H4201019,10,2026
PRASOLCHEM,Prasol Chemicals Limited,EQ,2026-09-16,2,1,INE455U01024,2,2026
PRAVEG,Praveg Limited,EQ,2026-04-20,10,1,INE722B01019,10,2026
PRAXIS,Praxis Home Retail Limited,EQ,2018-01-31,5,1,INE546Y01022,5,2018
PRECAM,Precision Camshafts Limited,EQ,2016-02-08,10,1,INE484I01029,10,2016
PRECOT,Precot Limited,EQ,2005-08-19,10,1,INE283A01014,10,2005
PRECWIRE,Precision Wires India Limited,EQ,1995-09-06,1,1,INE372C01037,1,1995
PREMCO,Premco Global Limited,EQ,2026-04-20,10,1,INE001E01012,10,2026
PREMEXPLN,Premier Explosives Limited,EQ,2016-06-17,2,1,INE863B01029,2,2016
PREMIER,Premier Limited,BE,1996-04-03,10,1,INE342A01018,10,1996
PREMIERENE,Premier Energies Limited,EQ,2024-09-03,1,1,INE0BS701011,1,2024
PREMIERPOL,Premier Polyfilm Limited,EQ,1995-12-13,1,1,INE309M01020,1,1995
PRESTIGE,Prestige Estates Projects Limited,EQ,2010-10-27,10,1,INE811K01011,10,2010
PRICOLLTD,Pricol Limited,EQ,2017-02-10,1,1,INE726V01018,1,2017
PRIMESECU,Prime Securities Limited,EQ,2005-06-17,5,1,INE032B01021,5,2005
PRIMO,Primo Chemicals Limited,EQ,2025-04-22,2,1,INE607A01022,2,2025
PRINCEPIPE,Prince Pipes And Fittings Limited,EQ,2019-12-30,10,1,INE689W01016,10,2019
PRIORITY,Priority Jewels Limited,EQ,2026-09-04,10,1,INE15EH01014,10,2026
PRISMX,Prismx Global Ventures Limited,EQ,2026-08-17,1,1,INE286N01028,1,2026
PRITI,Priti International Limited,EQ,2022-03-02,10,1,INE974Z01015,10,2022
PRITIKAUTO,Pritika Auto Industries Limited,EQ,2021-08-10,2,1,INE583R01029,2,2021
PRIVISCL,Privi Speciality Chemicals Limited,EQ,2015-05-08,10,1,INE959A01019,10,2015
PROSTARM,Prostarm Info Systems Limited,EQ,2025-06-03,10,1,INE0BX301013,10,2025
PROTEAN,Protean eGov Technologies Limited,EQ,2025-02-06,10,1,INE004A01022,10,2025
PROZONER,Prozone Realty Limited,EQ,2012-09-12,2,1,INE195N01013,2,2012
PRSMJOHNSN,Prism Johnson Limited,EQ,2003-08-20,10,1,INE010A01011,10,2003
PRUDENT,Prudent Corporate Advisory Services Limited,EQ,2022-05-20,5,1,INE00F201020,5,2022
PRUDMOULI,Prudential Sugar Corporation Limited,EQ,1995-05-10,10,100,INE024D01016,10,1995
PSB,Punjab & Sind Bank,EQ,2010-12-30,10,1,INE608A01012,10,2010
PSPPROJECT,PSP Projects Limited,EQ,2017-05-29,10,1,INE488V01015,10,2017
PTC,PTC India Limited,EQ,2004-04-07,10,1,INE877F01012,10,2004
PTCIL,PTC Industries Limited,EQ,2023-06-09,10,1,INE596F01018,10,2023
PTL,PTL Enterprises Limited,EQ,2007-01-29,1,1,INE034D01049,1,2007
PUNJABCHEM,Punjab Chemicals & Crop Protection Limited,EQ,2007-03-08,10,1,INE277B01014,10,2007
PURVA,Puravankara Limited,EQ,2007-08-30,5,1,INE323I01011,5,2007
PVP,PVP Ventures Limited,EQ,1996-04-03,10,1,INE362A01016,10,1996
PVRINOX,PVR INOX Limited,EQ,2006-01-04,10,1,INE191H01014,10,2006
PVSL,Popular Vehicles and Services Limited,EQ,2024-03-19,2,1,INE772T01024,2,2024
PWL,Physicswallah Limited,EQ,2025-11-18,1,1,INE0LP301011,1,2025
PYRAMID,Pyramid Technoplast Limited,EQ,2023-08-29,10,1,INE0MIS01010,10,2023
QMSMEDI,QMS Medical Allied Services Limited,BE,2026-06-18,10,1,INE0FMW01018,10,2026
QPOWER,Quality Power Electrical Equipments Limited,EQ,2025-02-24,10,1,INE0SII01026,10,2025
QUADFUTURE,Quadrant Future Tek Limited,EQ,2025-01-14,10,1,INE0LRY01011,10,2025
QUESS,Quess Corp Limited,EQ,2016-07-12,10,1,INE615P01015,10,2016
QUICKHEAL,Quick Heal Technologies Limited,EQ,2016-02-18,10,1,INE306L01010,10,2016
QUINT,Quint Digital Limited,BE,2026-04-20,10,1,INE641R01017,10,2026
QUINTEGRA,Quintegra Solutions Limited,EQ,2000-12-20,10,1,INE033B01011,10,2000
RACE,Race Eco Chain Limited,EQ,2023-05-09,10,1,INE084Q01012,10,2023
RACLGEAR,RACL Geartech Limited,EQ,2024-11-27,10,1,INE704B01017,10,2024
RADAAN,Radaan Mediaworks India Limited,EQ,2003-02-27,2,1,INE874F01027,2,2003
RADHIKAJWE,Radhika Jeweltech Limited,BE,2022-07-18,2,1,INE583V01021,2,2022
RADIANTCMS,Radiant Cash Management Services Limited,EQ,2023-01-04,1,1,INE855R01021,1,2023
RADICO,Radico Khaitan Limited,EQ,2003-06-18,2,1,INE944F01028,2,2003
RADIOCITY,Music Broadcast Limited,EQ,2017-03-17,2,1,INE919I01024,2,2017
RAILTEL,Railtel Corporation Of India Limited,EQ,2021-02-26,10,1,INE0DD101019,10,2021
RAIN,Rain Industries Limited,EQ,2008-03-03,2,1,INE855B01025,2,2008
RAINBOW,Rainbow Childrens Medicare Limited,EQ,2022-05-10,10,1,INE961O01016,10,2022
RAJESHEXPO,Rajesh Exports Limited,BZ,2000-02-09,1,1,INE343B01030,1,2000
RAJMET,Rajnandini Metal Limited,EQ,2021-02-16,1,1,INE00KV01022,1,2021
RAJOOENG,Rajoo Engineers Limited,BE,2025-05-29,1,1,INE535F01024,1,2025
RAJPALAYAM,Rajapalayam Mills Limited,EQ,2026-04-20,10,1,INE296E01026,10,2026
RAJRATAN,Rajratan Global Wire Limited,EQ,2020-05-22,2,1,INE451D01029,2,2020
RAJRILTD,Raj Rayon Industries Limited,BE,2022-03-16,1,1,INE533D01032,1,2022
RAJSREESUG,Rajshree Sugars & Chemicals Limited,EQ,1995-03-29,10,1,INE562B01019,10,1995
RAJTV,Raj Television Network Limited,BE,2007-03-16,5,1,INE952H01027,5,2007
RALLIS,Rallis India Limited,EQ,1999-04-01,1,1,INE613A01020,1,1999
RAMANEWS,Shree Rama Newsprint Limited,EQ,2006-09-20,10,1,INE278B01020,10,2006
RAMAPHO,Rama Phosphates Limited,EQ,2022-08-05,5,1,INE809A01032,5,2022
RAMASTEEL,Rama Steel Tubes Limited,BE,2015-08-19,1,1,INE230R01035,1,2015
RAMBHAJO,Advit Jewels Limited,EQ,2026-07-01,10,1,INE1SJO01012,10,2026
RAMCOCEM,The Ramco Cements Limited,EQ,1997-04-09,1,1,INE331A01037,1,1997
RAMCOIND,Ramco Industries Limited,EQ,1996-11-06,1,1,INE614A01028,1,1996
RAMCOSYS,Ramco Systems Limited,EQ,2000-04-12,10,1,INE246B01019,10,2000
RAMKY,Ramky Infrastructure Limited,EQ,2010-10-08,10,1,INE874I01013,10,2010
RAMRAT,Ram Ratna Wires Limited,EQ,2022-07-29,5,1,INE207E01023,5,2022
RANASUG,Rana Sugars Limited,EQ,2005-02-24,10,1,INE625B01014,10,2005
RANEHOLDIN,Rane Holdings Limited,EQ,1997-09-24,10,1,INE384A01010,10,1997
RATEGAIN,Rategain Travel Technologies Limited,EQ,2021-12-17,1,1,INE0CLI01024,1,2021
RATNAMANI,Ratnamani Metals & Tubes Limited,EQ,2006-05-09,2,1,INE703B01027,2,2006
RATNAVEER,Ratnaveer Precision Engineering Limited,EQ,2023-09-11,10,1,INE05CZ01011,10,2023
RAYMOND,Raymond Limited,EQ,1995-10-18,10,1,INE301A01014,10,1995
RAYMONDLSL,Raymond Lifestyle Limited,EQ,2024-09-05,2,1,INE02ID01020,2,2024
RAYMONDREL,Raymond Realty Limited,EQ,2025-07-01,10,1,INE1SY401010,10,2025
RBA,Restaurant Brands Asia Limited,EQ,2020-12-14,10,1,INE07T201019,10,2020
RBLBANK,RBL Bank Limited,EQ,2016-08-31,10,1,INE976G01028,10,2016
RBZJEWEL,RBZ Jewellers Limited,BE,2023-12-27,10,1,INE0PEQ01016,10,2023
RCF,Rashtriya Chemicals and Fertilizers Limited,EQ,1998-01-07,10,1,INE027A01015,10,1998
RCOM,Reliance Communications Limited,BE,2006-03-06,5,1,INE330H01018,5,2006
RECLTD,REC Limited,EQ,2008-03-12,10,1,INE020B01018,10,2008
REDINGTON,Redington Limited,EQ,2007-02-15,2,1,INE891D01026,2,2007
REDTAPE,Redtape Limited,EQ,2023-08-11,2,1,INE0LXT01019,2,2023
REFEX,Refex Industries Limited,EQ,2009-12-03,2,1,INE056I01025,2,2009
REGAAL,Regaal Resources Limited,EQ,2025-08-20,5,1,INE0MHO01029,5,2025
REGENCERAM,Regency Ceramics Limited,EQ,1996-06-05,10,1,INE277C01012,10,1996
RELAXO,Relaxo Footwears Limited,EQ,2011-06-17,1,1,INE131B01039,1,2011
RELCHEMQ,Reliance Chemotex Industries Limited,EQ,2022-05-25,10,1,INE750D01016,10,2022
RELIABLE,Reliable Data Services Limited,EQ,2024-07-10,10,1,INE375Y01018,10,2024
RELIANCE,Reliance Industries Limited,EQ,1995-11-29,10,1,INE002A01018,10,1995
RELIGARE,Religare Enterprises Limited,EQ,2007-11-21,10,1,INE621H01010,10,2007
RELINFRA,Reliance Infrastructure Limited,BE,1995-02-08,10,1,INE036A01016,10,1995
RELTD,Ravindra Energy Limited,EQ,2024-07-30,10,1,INE206N01018,10,2024
REMSONSIND,Remsons Industries Limited,EQ,1996-01-31,2,1,INE474C01023,2,1996
RENTOMOJO,Rentomojo Limited,EQ,2026-09-17,1,1,INE08T701025,1,2026
RENUKA,Shree Renuka Sugars Limited,EQ,2005-10-31,1,1,INE087H01022,1,2005
REPCOHOME,Repco Home Finance Limited,EQ,2013-04-01,10,1,INE612J01015,10,2013
REPL,Rudrabhishek Enterprises Limited,EQ,2020-12-14,10,1,INE364Z01019,10,2020
REPRO,Repro India Limited,EQ,2005-12-22,10,1,INE461B01014,10,2005
RESPONIND,Responsive Industries Limited,EQ,2010-10-29,1,1,INE688D01026,1,2010
RETAIL,JHS Svendgaard Retail Ventures Limited,EQ,2024-06-26,10,1,INE03DD01011,10,2024
RGL,Renaissance Global Limited,EQ,2007-12-12,2,1,INE722H01024,2,2007
RHETAN,Rhetan TMT Limited,EQ,2025-09-26,1,1,INE0KKN01029,1,2025
RHFL,Reliance Home Finance Limited,BZ,2017-09-22,10,1,INE217K01011,10,2017
RHIM,RHI MAGNESITA INDIA LIMITED,EQ,2012-03-12,1,1,INE743M01012,1,2012
RHL,Robust Hotels Limited,EQ,2023-04-25,10,1,INE508K01013,10,2023
RICOAUTO,Rico Auto Industries Limited,EQ,2003-05-12,1,1,INE209B01025,1,2003
RIIL,Reliance Industrial Infrastructure Limited,EQ,1995-11-29,10,1,INE046A01015,10,1995
RIR,RIR Power Electronics Limited,EQ,2026-07-16,2,1,INE302D01024,2,2026
RISHABH,Rishabh Instruments Limited,EQ,2023-09-11,10,1,INE0N2P01017,10,2023
RITCO,Ritco Logistics Limited,EQ,2022-04-12,10,1,INE01EG01016,10,2022
RITES,RITES Limited,EQ,2018-07-02,10,1,INE320J01015,10,2018
RKDL,Ravi Kumar Distilleries Limited,EQ,2010-12-27,10,1,INE722J01012,10,2010
RKEC,RKEC Projects Limited,BE,2020-12-18,10,1,INE786W01010,10,2020
RKFORGE,Ramkrishna Forgings Limited,EQ,2004-05-05,2,1,INE399G01023,2,2004
RKSWAMY,R K Swamy Limited,EQ,2024-03-12,5,1,INE0NQ801033,5,2024
RMC,RMC Switchgears Limited,EQ,2026-04-01,10,1,INE655V01019,10,2026
RMDRIP,R M Drip and Sprinklers Systems Limited,BE,2025-07-30,1,1,INE219Y01026,1,2025
RML,Rane (Madras) Limited,EQ,2005-08-30,10,1,INE050H01012,10,2005
RNBDENIMS,R&B Denims Limited,BE,2025-09-04,1,1,INE012Q01039,1,2025
ROHLTD,Royal Orchid Hotels Limited,EQ,2006-02-06,10,1,INE283H01019,10,2006
ROLEXRINGS,Rolex Rings Limited,EQ,2021-08-09,1,1,INE645S01024,1,2021
ROLLT,Rollatainers Limited,BE,2016-11-22,1,1,INE927A01040,1,2016
ROML,Raj Oil Mills Limited,EQ,2020-10-06,10,1,INE294G01026,10,2020
ROSSARI,Rossari Biotech Limited,EQ,2020-07-23,2,1,INE02A801020,2,2020
ROSSELLIND,Rossell India Limited,EQ,2012-09-25,2,1,INE847C01020,2,2012
ROSSTECH,Rossell Techsys Limited,EQ,2024-12-09,2,1,INE0OJW01016,2,2024
ROTO,Roto Pumps Limited,EQ,2022-04-21,1,1,INE535D01037,1,2022
ROUTE,ROUTE MOBILE LIMITED,EQ,2020-09-21,10,1,INE450U01017,10,2020
RPEL,Raghav Productivity Enhancers Limited,EQ,2024-08-08,10,1,INE912T01018,10,2024
RPGLIFE,RPG Life Sciences Limited,EQ,2008-06-10,8,1,INE105J01010,8,2008
RPOWER,Reliance Power Limited,EQ,2008-02-11,10,1,INE614G01033,10,2008
RPPINFRA,R.P.P. Infra Projects Limited,EQ,2010-12-06,10,1,INE324L01013,10,2010
RPPL,Rajshree Polypack Limited,BE,2021-11-26,5,1,INE760W01023,5,2021
RPSGVENT,RPSG VENTURES LIMITED,EQ,2019-01-25,10,1,INE425Y01011,10,2019
RPTECH,Rashi Peripherals Limited,EQ,2024-02-14,5,1,INE0J1F01024,5,2024
RRECL,RDB Real Estate Constructions Limited,EQ,2026-08-17,10,1,INE0AK901016,10,2026
RRIL,RRIL Limited,EQ,2026-04-20,5,1,INE951M01037,5,2026
RRKABEL,R R Kabel Limited,EQ,2023-09-20,5,1,INE777K01022,5,2023
RSDFIN,RSD Finance Limited,BE,2026-04-20,5,1,INE616F01022,5,2026
RSL,Rajputana Stainless Limited,EQ,2026-03-19,10,1,INE313L01016,10,2026
RSSOFTWARE,R. S. Software (India) Limited,EQ,1999-05-19,5,1,INE165B01029,5,1999
RSWM,RSWM Limited,EQ,1995-02-15,10,1,INE611A01016,10,1995
RSYSTEMS,R Systems International Limited,EQ,2006-04-26,1,1,INE411H01032,1,2006
RTNINDIA,RattanIndia Enterprises Limited,EQ,2012-07-30,2,1,INE834M01019,2,2012
RTNPOWER,RattanIndia Power Limited,EQ,2009-10-30,10,1,INE399K01017,10,2009
RTSPOWR,RTS Power Corporation Limited,EQ,2026-08-17,10,1,INE005C01017,10,2026
RUBFILA,Rubfila International Limited,EQ,2024-08-08,5,1,INE642C01025,5,2024
RUBICON,Rubicon Research Limited,EQ,2025-10-16,1,1,INE506V01022,1,2025
RUBYMILLS,The Ruby Mills Limited,EQ,1995-03-29,5,1,INE301D01026,5,1995
RUCHINFRA,Ruchi Infrastructure Limited,EQ,1996-10-16,1,1,INE413B01023,1,1996
RUCHIRA,Ruchira Papers Limited,EQ,2006-12-20,10,1,INE803H01014,10,2006
RUDRA,Rudra Global Infra Products Limited,EQ,2025-12-19,5,1,INE027T01023,5,2025
RUPA,Rupa & Company Limited,EQ,2011-12-07,1,1,INE895B01021,1,2011
RUSHIL,Rushil Decor Limited,EQ,2011-07-07,1,1,INE573K01025,1,2011
RUSTOMJEE,Keystone Realtors Limited,EQ,2022-11-24,10,1,INE263M01029,10,2022
RVHL,Ravinder Heights Limited,EQ,2020-12-18,1,1,INE09E501017,1,2020
RVNL,Rail Vikas Nigam Limited,EQ,2019-04-11,10,1,INE415G01027,10,2019
RVTH,Revathi Equipment India Limited,EQ,2024-09-11,10,1,INE0DAB01012,10,2024
S&SPOWER,S&S Power Switchgears Limited,EQ,1995-09-27,10,1,INE902B01017,10,1995
SAATVIKGL,Saatvik Green Energy Limited,EQ,2025-09-26,2,1,INE13B501022,2,2025
SAB,SAB Industries Limited,EQ,2026-08-17,10,1,INE137M01017,10,2026
SADBHAV,Sadbhav Engineering Limited,EQ,2006-03-01,1,1,INE226H01026,1,2006
SADBHIN,Sadbhav Infrastructure Project Limited,EQ,2015-09-16,10,1,INE764L01010,10,2015
SADHNANIQ,Sadhana Nitrochem Limited,BE,2023-05-05,1,1,INE888C01040,1,2023
SAFARI,Safari Industries (India) Limited,EQ,2019-09-12,2,1,INE429E01023,2,2019
SAGARDEEP,Sagardeep Alloys Limited,EQ,2019-01-25,10,1,INE976T01013,10,2019
SAGCEM,Sagar Cements Limited,EQ,2007-01-29,2,1,INE229C01021,2,2007
SAGILITY,SAGILITY LIMITED,EQ,2024-11-12,10,1,INE0W2G01015,10,2024
SAHLIBHFI,Shalibhadra Finance Limited,EQ,2026-04-10,10,1,INE861D01011,10,2026
SAHYADRI,Sahyadri Industries Limited,EQ,2023-04-06,10,1,INE280H01015,10,2023
SAICAPI,Sai Capital Limited,EQ,2026-08-17,10,1,INE531X01018,10,2026
SAIL,Steel Authority of India Limited,EQ,1995-07-06,10,1,INE114A01011,10,1995
SAILIFE,Sai Life Sciences Limited,EQ,2024-12-18,1,1,INE570L01029,1,2024
SAIPARENT,Sai Parenterals Limited,EQ,2026-04-02,5,1,INE0H9F01037,5,2026
SAKAR,Sakar Healthcare Limited,EQ,2019-04-11,10,1,INE732S01012,10,2019
SAKHTISUG,Sakthi Sugars Limited,EQ,1995-09-06,10,1,INE623A01011,10,1995
SAKSOFT,Saksoft Limited,EQ,2005-05-09,1,1,INE667G01023,1,2005
SAKUMA,Sakuma Exports Limited,EQ,2006-03-08,1,1,INE190H01024,1,2006
SALASAR,Salasar Techno Engineering Limited,EQ,2017-07-25,1,1,INE170V01027,1,2017
SALONA,Salona Cotspin Limited,EQ,2016-06-16,10,1,INE498E01010,10,2016
SALSTEEL,S.A.L. Steel Limited,EQ,2004-11-24,10,1,INE658G01014,10,2004
SALZERELEC,Salzer Electronics Limited,EQ,2015-12-02,10,1,INE457F01013,10,2015
SAMBANDAM,Sambandam Spinning Mills Limited,EQ,2026-08-17,10,1,INE304D01012,10,2026
SAMBHAAV,Sambhaav Media Limited,EQ,1996-06-05,1,1,INE699B01027,1,1996
SAMBHV,Sambhv Steel Tubes Limited,EQ,2025-07-02,10,1,INE12NJ01018,10,2025
SAMHI,Samhi Hotels Limited,EQ,2023-09-22,1,1,INE08U801020,1,2023
SAMMAANCAP,Sammaan Capital Limited,EQ,2013-07-23,2,1,INE148I01020,2,2013
SAMPANN,Sampann Utpadan India Limited,EQ,2012-07-27,10,1,INE735M01018,10,2012
SANATHAN,Sanathan Textiles Limited,EQ,2024-12-27,10,1,INE0JPD01013,10,2024
SANDESH,The Sandesh Limited,EQ,2002-11-26,10,1,INE583B01015,10,2002
SANDHAR,Sandhar Technologies Limited,EQ,2018-04-02,10,1,INE278H01035,10,2018
SANDUMA,Sandur Manganese & Iron Ores Limited,EQ,2023-09-07,10,1,INE149K01016,10,2023
SANGAMIND,Sangam (India) Limited,EQ,1996-07-17,10,1,INE495C01010,10,1996
SANGHVIMOV,Sanghvi Movers Limited,EQ,2007-01-24,1,1,INE989A01032,1,2007
SANOFI,Sanofi India Limited,EQ,2003-05-19,10,1,INE058A01010,10,2003
SANOFICONR,Sanofi Consumer Healthcare India Limited,EQ,2024-09-13,10,1,INE0UOS01011,10,2024
SANSERA,Sansera Engineering Limited,EQ,2021-09-24,2,1,INE953O01021,2,2021
SANSTAR,Sanstar Limited,EQ,2024-07-26,2,1,INE08NE01025,2,2024
SANWARIA,Sanwaria Consumer Limited,BZ,2006-03-27,1,1,INE890C01046,1,2006
SAPPHIRE,Sapphire Foods India Limited,EQ,2021-11-18,2,1,INE806T01020,2,2021
SAPPL,Shree Ajit Pulp & Paper Limited,EQ,2026-04-20,10,1,INE185C01017,10,2026
SARDAEN,Sarda Energy & Minerals Limited,EQ,2009-12-03,1,1,INE385C01021,1,2009
SAREGAMA,Saregama India Limited,EQ,1997-07-30,1,1,INE979A01025,1,1997
SARLAPOLY,Sarla Performance Fibers Limited,EQ,2007-01-19,1,1,INE453D01025,1,2007
SARVESHWAR,Sarveshwar Foods Limited,EQ,2022-12-08,1,1,INE324X01026,1,2022
SASKEN,Sasken Technologies Limited,EQ,2005-09-09,10,1,INE231F01020,10,2005
SATIA,Satia Industries Limited,EQ,2019-07-17,1,1,INE170E01023,1,2019
SATIN,Satin Creditcare Network Limited,EQ,2015-08-26,10,1,INE836B01017,10,2015
SAURASHCEM,Saurashtra Cement Limited,EQ,2024-02-27,10,1,INE626A01014,10,2024
SAYAJIHOTL,Sayaji Hotels Limited,EQ,2026-04-20,10,1,INE318C01014,10,2026
SAYAJIIND,Sayaji Industries Limited,EQ,2026-08-17,5,1,INE327G01032,5,2026
SBC,SBC Exports Limited,EQ,2021-11-23,1,1,INE04AK01028,1,2021
SBCL,Shivalik Bimetal Controls Limited,EQ,2021-06-24,2,1,INE386D01027,2,2021
SBFC,SBFC Finance Limited,EQ,2023-08-16,10,1,INE423Y01016,10,2023
SBGLP,Suratwwala Business Group Limited,EQ,2023-02-10,1,1,INE05ST01028,1,2023
SBICARD,SBI Cards and Payment Services Limited,EQ,2020-03-16,10,1,INE018E01016,10,2020
SBIFUNDS,SBI Funds Management Limited,EQ,2026-07-21,1,1,INE640G01020,1,2026
SBILIFE,SBI Life Insurance Company Limited,EQ,2017-10-03,10,1,INE123W01016,10,2017
SBIN,State Bank of India,EQ,1995-03-01,1,1,INE062A01020,1,1995
SCANSTL,Scan Steels Limited,BE,2026-04-20,10,1,INE099G01011,10,2026
SCHAEFFLER,Schaeffler India Limited,EQ,2000-11-29,2,1,INE513A01022,2,2000
SCHAND,S Chand And Company Limited,EQ,2017-05-09,5,1,INE807K01035,5,2017
SCHNEIDER,Schneider Electric Infrastructure Limited,EQ,2012-03-20,2,1,INE839M01018,2,2012
SCI,Shipping Corporation Of India Limited,EQ,1997-08-13,10,1,INE109A01011,10,1997
SCILAL,Shipping Corporation of India Land and Assets Limited,EQ,2024-03-19,10,1,INE0PB301013,10,2024
SCODATUBES,Scoda Tubes Limited,EQ,2025-06-04,10,1,INE090501011,10,2025
SCPL,Sheetal Cool Products Limited,BE,2022-11-22,10,1,INE501Y01019,10,2022
SDBL,Som Distilleries & Breweries Limited,EQ,2014-03-18,2,1,INE480C01038,2,2014
SEAMECLTD,Seamec Limited,EQ,1995-06-28,10,1,INE497B01018,10,1995
SECMARK,SecMark Consultancy Limited,EQ,2023-10-16,10,1,INE0BTM01013,10,2023
SECURKLOUD,SECUREKLOUD TECHNOLOGIES LIMITED,EQ,2014-01-29,5,1,INE650K01021,5,2014
SEDEMAC,SEDEMAC Mechatronics Limited,EQ,2026-03-11,10,1,INE00XB01019,10,2026
SEIL,Shanti Educational Initiatives Limited,EQ,2026-04-20,1,1,INE440T01028,1,2026
SEJALLTD,Sejal Glass Limited,EQ,2021-12-13,10,1,INE955I01044,10,2021
SEKURITIND,Saint Gobain Sekurit India Limited,EQ,2026-08-17,10,1,INE068B01017,10,2026
SEMAC,Semac Construction Limited,EQ,2005-08-11,10,1,INE617A01013,10,2005
SENCO,Senco Gold Limited,EQ,2023-07-14,5,1,INE602W01027,5,2023
SENORES,Senores Pharmaceuticals Limited,EQ,2024-12-30,10,1,INE0RB801010,10,2024
SEPC,SEPC Limited,EQ,2008-02-20,10,1,INE964H01014,10,2008
SERVOTECH,Servotech Renewable Power System Limited,EQ,2021-09-02,1,1,INE782X01033,1,2021
SESHAPAPER,Seshasayee Paper and Boards Limited,EQ,1995-03-29,2,1,INE630A01024,2,1995
SETCO,Setco Automotive Limited,BE,2016-07-01,2,1,INE878E01021,2,2016
SETL,Standard Engineering Technology Limited,EQ,2025-01-13,10,1,INE0M4D01010,10,2025
SETUINFRA,Setubandhan Infrastructure Limited,BZ,2011-10-04,1,1,INE023M01027,1,2011
SEYAIND,Seya Industries Limited,BE,2019-07-11,10,1,INE573R01012,10,2019
SFL,Sheela Foam Limited,EQ,2016-12-09,5,1,INE916U01025,5,2016
SGFIN,SG Finserve Limited,EQ,2025-08-05,10,1,INE618R01015,10,2025
SGIL,Synergy Green Industries Limited,EQ,2021-07-28,10,1,INE00QT01015,10,2021
SGL,STL Global Limited,EQ,2006-04-10,10,1,INE353H01010,10,2006
SGLRES,SGL Resources Limited,EQ,2026-08-17,2,1,INE967B01028,2,2026
SGMART,SG Mart Limited,EQ,2025-09-12,1,1,INE385F01024,1,2025
SGRL,Shree Ganesh Remedies Limited,EQ,2026-08-17,10,1,INE414Y01015,10,2026
SHADOWFAX,Shadowfax Technologies Limited,EQ,2026-01-28,10,1,INE12UN01015,10,2026
SHAH,Shah Metacorp Limited,EQ,2010-10-27,1,1,INE482J01021,1,2010
SHAHALLOYS,Shah Alloys Limited,BE,2005-06-16,10,1,INE640C01011,10,2005
SHAILY,Shaily Engineering Plastics Limited,EQ,2022-04-04,2,1,INE151G01028,2,2022
SHAKTIPUMP,Shakti Pumps (India) Limited,EQ,2015-01-29,10,1,INE908D01010,10,2015
SHALBY,Shalby Limited,EQ,2017-12-15,10,1,INE597J01018,10,2017
SHALPAINTS,Shalimar Paints Limited,BE,2008-03-03,2,1,INE849C01026,2,2008
SHANKARA,Shankara Building Products Limited,EQ,2017-04-05,10,1,INE274V01019,10,2017
SHANKESH,Shankesh Jewellers Limited,EQ,2026-08-25,5,1,INE1WFC01025,5,2026
SHANTI,Shanti Overseas (India) Limited,EQ,2021-09-16,10,1,INE933X01016,10,2021
SHANTIGEAR,Shanthi Gears Limited,EQ,1996-01-17,1,1,INE631A01022,1,1996
SHANTIGOLD,Shanti Gold International Limited,EQ,2025-08-01,10,1,INE06ZD01017,10,2025
SHARDACROP,Sharda Cropchem Limited,EQ,2014-09-23,10,1,INE221J01015,10,2014
SHARDAMOTR,Sharda Motor Industries Limited,EQ,2015-09-03,2,1,INE597I01028,2,2015
SHARDUL,Shardul Securities Limited,BE,2026-04-20,2,1,INE037B01020,2,2026
SHAREINDIA,Share India Securities Limited,EQ,2020-09-21,2,1,INE932X01026,2,2020
SHBAJRG,Shri Bajrang Alliance Limited,EQ,2026-04-20,10,1,INE402H01015,10,2026
SHEKHAWATI,Shekhawati Industries Limited,BE,2011-01-12,10,1,INE268L01046,10,2011
SHEMAROO,Shemaroo Entertainment Limited,EQ,2014-10-01,10,1,INE363M01019,10,2014
SHERVANI,Shervani Industrial Syndicate Limited,EQ,2026-08-17,10,1,INE011D01013,10,2026
SHILCTECH,Shilchar Technologies Limited,EQ,2025-11-24,10,1,INE024F01011,10,2025
SHILGRAVQ,Shilp Gravures Limited,EQ,2026-08-17,10,1,INE960A01017,10,2026
SHILPAMED,Shilpa Medicare Limited,EQ,2009-12-03,1,1,INE790G01031,1,2009
SHINDL,Sharat Industries Limited,EQ,2026-04-20,10,1,INE220Z01013,10,2026
SHIPROCKET,Shiprocket Limited,EQ,2026-08-19,10,1,INE0FOO01011,10,2026
SHIVAAGRO,Shiva Global Agro Industries Limited,EQ,2026-08-17,10,1,INE960E01019,10,2026
SHIVACEM,Shiva Cement Limited,EQ,2026-08-17,2,1,INE555C01029,2,2026
SHIVALIK,Shivalik Rasayan Limited,EQ,2021-12-09,5,1,INE788J01021,5,2021
SHIVAMAUTO,Shivam Autotech Limited,EQ,2006-11-21,2,1,INE637H01024,2,2006
SHIVAMILLS,Shiva Mills Limited,EQ,2018-02-26,10,1,INE644Y01017,10,2018
SHIVATEX,Shiva Texyarn Limited,EQ,2017-12-26,10,1,INE705C01020,10,2017
SHIVAUM,Shiv Aum Steels Limited,EQ,2025-11-14,10,1,INE719F01016,10,2025
SHK,S H Kelkar and Company Limited,EQ,2015-11-16,10,1,INE500L01026,10,2015
SHOPERSTOP,Shoppers Stop Limited,EQ,2005-05-23,5,1,INE498B01024,5,2005
SHRADDHA,Shraddha Prime Projects Limited,EQ,2026-08-17,10,1,INE311M01018,10,2026
SHRADHA,Shradha Realty Limited,EQ,2020-10-22,2,1,INE715Y01031,2,2020
SHREDIGCEM,Shree Digvijay Cement Co.Ltd,EQ,2020-01-28,10,1,INE232A01011,10,2020
SHREECEM,SHREE CEMENT LIMITED,EQ,1995-04-26,10,1,INE070A01015,10,1995
SHREEJISPG,Shreeji Shipping Global Limited,EQ,2025-08-26,10,1,INE1B6101010,10,2025
SHREEPUSHK,Shree Pushkar Chemicals & Fertilisers Limited,EQ,2015-09-10,10,1,INE712K01011,10,2015
SHREERAMA,Shree Rama Multi-Tech Limited,EQ,2000-03-13,5,1,INE879A01019,5,2000
SHRENIK,Shrenik Limited,BZ,2019-08-02,1,1,INE632X01030,1,2019
SHREYANIND,Shreyans Industries Limited,EQ,1996-11-06,10,1,INE231C01019,10,1996
SHRIKRISH,Shri Krishna Devcon Limited,EQ,2026-04-20,10,1,INE997I01012,10,2026
SHRINGARMS,Shringar House of Mangalsutra Limited,EQ,2025-09-17,10,1,INE1B3L01017,10,2025
SHRIPISTON,SPR Auto Technologies Limited,EQ,2016-06-02,10,1,INE526E01018,10,2016
SHRIRAMFIN,Shriram Finance Limited,EQ,1996-12-11,2,1,INE721A01047,2,1996
SHRIRAMPPS,Shriram Properties Limited,EQ,2021-12-20,10,1,INE217L01019,10,2021
SHRJAGP,Shri Jagdamba Polymers Limited,EQ,2026-08-17,1,1,INE564J01026,1,2026
SHUKRAPHAR,Shukra Pharmaceuticals Limited,EQ,2026-08-14,1,1,INE551C01044,1,2026
SHYAMCENT,Shyam Century Ferrous Limited,BE,2015-07-28,1,1,INE979R01011,1,2015
SHYAMMETL,Shyam Metalics and Energy Limited,EQ,2021-06-24,10,1,INE810G01011,10,2021
SHYAMTEL,Shyam Telecom Limited,EQ,2006-11-06,10,1,INE635A01023,10,2006
SICAGEN,Sicagen India Limited,EQ,2026-04-20,10,1,INE176J01011,10,2026
SICALLOG,Sical Logistics Limited,BE,2023-10-12,10,1,INE075B01020,10,2023
SIEL,Superior Industrial Enterprises Limited,EQ,2026-08-17,10,1,INE843L01012,10,2026
SIEMENS,Siemens Limited,EQ,1995-09-06,2,1,INE003A01024,2,1995
SIGACHI,Sigachi Industries Limited,EQ,2021-11-15,1,1,INE0D0K01022,1,2021
SIGIND,Signet Industries Limited,BE,2018-08-29,10,1,INE529F01035,10,2018
SIGMA,Sigma Solve Limited,EQ,2023-06-09,1,1,INE0A0S01028,1,2023
SIGMAADV,SIGMA ADVANCED SYSTEMS LIMITED,BE,2007-07-19,10,1,INE933B01012,10,2007
SIGNATURE,Signatureglobal (India) Limited,EQ,2023-09-27,1,1,INE903U01023,1,2023
SIGNPOST,Signpost India Limited,EQ,2024-02-14,2,1,INE0KGZ01021,2,2024
SIKA,Sika Interplant Systems Limited,EQ,2026-04-20,2,1,INE438E01032,2,2026
SIKKO,Sikko Industries Limited,BE,2021-10-22,1,1,INE112X01025,1,2021
SIL,Standard Industries Limited,EQ,2004-01-27,5,1,INE173A01025,5,2004
SILGO,Silgo Retail Limited,EQ,2021-03-03,10,1,INE01II01013,10,2021
SILINV,SIL Investments Limited,EQ,1996-05-22,10,1,INE923A01015,10,1996
SILVERTUC,Silver Touch Technologies Limited,EQ,2022-05-12,2,1,INE625X01026,2,2022
SIMBHALS,Simbhaoli Sugars Limited,BZ,2016-03-14,10,1,INE748T01016,10,2016
SIMPLEXINF,Simplex Infrastructures Limited,EQ,2004-03-09,2,1,INE059B01024,2,2004
SIMPLXREA,Simplex Realty Limited,EQ,2026-08-17,10,1,INE167H01014,10,2026
SINCLAIR,Sinclairs Hotels Limited,EQ,2024-04-10,2,1,INE985A01022,2,2024
SINDHUTRAD,Sindhu Trade Links Limited,EQ,2023-06-20,1,1,INE325D01025,1,2023
SINGERIND,Singer India Limited,EQ,2026-03-19,2,1,INE638A01035,2,2026
SINTERCOM,Sintercom India Limited,EQ,2020-10-07,10,1,INE129Z01016,10,2020
SIRCA,Sirca Paints India Limited,EQ,2019-07-22,10,1,INE792Z01011,10,2019
SIS,SIS LIMITED,EQ,2017-08-10,5,1,INE285J01028,5,2017
SITINET,Siti Networks Limited,BZ,2007-01-10,1,1,INE965H01011,1,2007
SIYSIL,Siyaram Silk Mills Limited,EQ,2007-01-29,2,1,INE076B01028,2,2007
SJS,S.J.S. Enterprises Limited,EQ,2021-11-15,10,1,INE284S01014,10,2021
SJVN,SJVN Limited,EQ,2010-05-20,10,1,INE002L01015,10,2010
SKFINDIA,SKF India Limited,EQ,1999-01-27,10,1,INE640A01023,10,1999
SKFINDUS,SKF India (Industrial) Limited,EQ,2025-12-05,10,1,INE2J8701016,10,2025
SKIPPER,Skipper Limited,EQ,2015-05-27,1,1,INE439E01022,1,2015
SKMEGGPROD,SKM Egg Products Export (India) Limited,EQ,1997-03-14,5,1,INE411D01023,5,1997
SKYGOLD,SKY GOLD AND DIAMONDS LIMITED,EQ,2023-01-06,10,1,INE01IU01018,10,2023
SKYWAYS,Skyways Air Services Limited,EQ,2026-09-01,10,1,INE0PX301025,10,2026
SMARTLINK,Smartlink Holdings Limited,BE,2001-04-11,2,1,INE178C01020,2,2001
SMARTWORKS,Smartworks Coworking Spaces Limited,EQ,2025-07-17,10,1,INE0NAZ01010,10,2025
SMCGLOBAL,SMC Global Securities Limited,EQ,2021-02-24,2,1,INE103C01036,2,2021
SMLMAH,SML Mahindra Limited,EQ,2003-08-29,10,1,INE294B01019,10,2003
SMLT,Sarthak Metals Limited,EQ,2021-11-25,10,1,INE017W01010,10,2021
SMSPHARMA,SMS Pharmaceuticals Limited,EQ,2007-02-28,1,1,INE812G01025,1,2007
SNOWMAN,Snowman Logistics Limited,EQ,2014-09-12,10,1,INE734N01019,10,2014
SOBHA,Sobha Limited,EQ,2006-12-20,10,1,INE671H01015,10,2006
SOFTTECH,Softtech Engineers Limited,EQ,2022-02-25,10,1,INE728Z01015,10,2022
SOLARA,Solara Active Pharma Sciences Limited,EQ,2018-06-27,10,1,INE624Z01016,10,2018
SOLARINDS,Solar Industries India Limited,EQ,2006-04-03,2,1,INE343H01029,2,2006
SOLARWORLD,Solarworld Energy Solutions Limited,EQ,2025-09-30,5,1,INE0TY101024,5,2025
SOLEX,Solex Energy Limited,EQ,2025-10-08,10,1,INE880Y01017,10,2025
SOMANYCERA,Somany Ceramics Limited,EQ,1995-11-22,2,1,INE355A01028,2,1995
SOMATEX,Soma Textiles & Industries Limited,EQ,1996-08-14,10,1,INE314C01013,10,1996
SOMICONVEY,Somi Conveyor Beltings Limited,EQ,2016-07-18,10,1,INE323J01019,10,2016
SONA,Sonaselection India Limited,BE,2026-09-24,10,1,INE0LLZ01011,10,2026
SONACOMS,Sona BLW Precision Forgings Limited,EQ,2021-06-24,10,1,INE073K01018,10,2021
SONAL,Sonal Mercantile Limited,EQ,2026-04-20,10,1,INE321M01017,10,2026
SONAMLTD,SONAM LIMITED,BE,2022-04-07,5,1,INE00LM01029,5,2022
SONATSOFTW,Sonata Software Limited,EQ,1999-07-28,1,1,INE269A01021,1,1999
SOTL,Savita Oil Technologies Limited,EQ,1995-06-28,2,1,INE035D01020,2,1995
SOUTHBANK,The South Indian Bank Limited,EQ,1998-12-08,1,1,INE683A01023,1,1998
SOUTHWEST,South West Pinnacle Exploration Limited,EQ,2019-04-18,10,1,INE980Y01015,10,2019
SPAL,S. P. Apparels Limited,EQ,2016-08-12,10,1,INE212I01016,10,2016
SPANDANA,Spandana Sphoorty Financial Limited,EQ,2019-08-19,10,1,INE572J01011,10,2019
SPARC,Sun Pharma Advanced Research Company Limited,EQ,2007-07-18,1,1,INE232I01014,1,2007
SPCENET,Spacenet Enterprises India Limited,EQ,2017-01-10,1,1,INE970N01027,1,2017
SPECIALITY,Speciality Restaurants Limited,BE,2012-05-30,10,1,INE247M01014,10,2012
SPECTRUM,Spectrum Electrical Industries Limited,BE,2025-03-28,10,1,INE01EO01010,10,2025
SPENCERS,Spencer's Retail Limited,EQ,2019-01-25,5,1,INE020801028,5,2019
SPIC,Southern Petrochemicals Industries Corporation  Limited,EQ,1996-01-10,10,1,INE147A01011,10,1996
SPLIL,SPL Industries Limited,EQ,2005-07-26,10,1,INE978G01016,10,2005
SPLPETRO,Supreme Petrochem Limited,EQ,2022-05-24,2,1,INE663A01033,2,2022
SPMLINFRA,SPML Infra Limited,EQ,1996-02-14,2,1,INE937A01023,2,1996
SPORTKING,Sportking India Limited,EQ,2022-08-24,1,1,INE885H01029,1,2022
SRD,Shankar Lal Rampal Dye-Chem Limited,EQ,2024-10-09,10,1,INE01NE01012,10,2024
SREEL,Sreeleathers Limited,BE,2014-01-01,10,1,INE099F01013,10,2014
SRF,SRF Limited,EQ,2003-08-18,10,1,INE647A01010,10,2003
SRGHFL,SRG Housing Finance Limited,EQ,2023-08-21,10,1,INE559N01010,10,2023
SRHHYPOLTD,Sree Rayalaseema Hi-Strength Hypo Limited,EQ,2007-05-08,10,1,INE917H01012,10,2007
SRIKPRIND,Sri KPR Industries Limited,BE,2026-08-17,10,1,INE009C01019,10,2026
SRM,SRM Contractors Limited,EQ,2024-04-03,10,1,INE0R6Z01013,10,2024
SRTL,Shree Ram Twistex Limited,EQ,2026-03-02,10,1,INE19GK01015,10,2026
SSDL,Saraswati Saree Depot Limited,EQ,2024-08-20,10,1,INE0PQ101010,10,2024
SSRETAIL,SS Retail Limited,EQ,2026-09-23,10,1,INE1EQW01028,10,2026
SSWL,Steel Strips Wheels Limited,EQ,2005-06-06,1,1,INE802C01033,1,2005
STALLION,Stallion India Fluorochemicals Limited,BE,2025-01-23,10,1,INE0RYC01010,10,2025
STANLEY,Stanley Lifestyles Limited,EQ,2024-06-28,2,1,INE01A001028,2,2024
STAR,Strides Pharma Science Limited,EQ,2000-02-02,10,1,INE939A01011,10,2000
STARCEMENT,Star Cement Limited,EQ,2017-06-16,1,1,INE460H01021,1,2017
STARHEALTH,Star Health and Allied Insurance Company Limited,EQ,2021-12-10,10,1,INE575P01011,10,2021
STARPAPER,Star Paper Mills Limited,EQ,1995-09-13,10,1,INE733A01018,10,1995
STARTECK,Starteck Finance Limited,EQ,2022-05-04,10,1,INE992I01013,10,2022
STCINDIA,The State Trading Corporation of India Limited,EQ,2003-04-01,10,1,INE655A01013,10,2003
STEAMHOUSE,Steamhouse India Limited,EQ,2026-09-17,2,1,INE0FRO01022,2,2026
STEELCAS,Steelcast Limited,EQ,2021-11-23,1,1,INE124E01038,1,2021
STEELCITY,Steel City Securities Limited,EQ,2019-06-27,10,1,INE395H01011,10,2019
STEELXIND,STEEL EXCHANGE INDIA LIMITED,EQ,2017-07-20,1,1,INE503B01021,1,2017
STEL,Stel Holdings Limited,EQ,2011-02-09,10,1,INE577L01016,10,2011
STERTOOLS,Sterling Tools Limited,EQ,2006-02-02,2,1,INE334A01023,2,2006
STLNETWORK,STL Networks Limited,EQ,2025-09-04,2,1,INE1VXE01018,2,2025
STLSTRINF,Steel Strips Infrastructures Limited,EQ,2026-08-17,10,1,INE205F01016,10,2026
STLTECH,Sterlite Technologies Limited,BE,2000-12-08,2,1,INE089C01029,2,2000
STOVEKRAFT,Stove Kraft Limited,EQ,2021-02-05,10,1,INE00IN01015,10,2021
STUDDS,Studds Accessories Limited,EQ,2025-11-07,5,1,INE00Q601028,5,2025
STYL,Seshaasai Technologies Limited,EQ,2025-09-30,10,1,INE04VU01023,10,2025
STYLAMIND,Stylam Industries Limited,EQ,2021-08-02,5,1,INE239C01020,5,2021
STYLEBAAZA,Baazar Style Retail Limited,EQ,2024-09-06,5,1,INE01FR01028,5,2024
STYRENIX,Styrenix Performance Materials Limited,EQ,1995-03-29,10,1,INE189B01011,10,1995
SUBEXLTD,Subex Limited,EQ,2020-11-05,5,1,INE754A01055,5,2020
SUBROS,Subros Limited,EQ,2005-07-13,2,1,INE287B01021,2,2005
SUDARCOLOR,Sudarshan Colorants India Limited,EQ,1995-06-14,10,1,INE492A01029,10,1995
SUDARSCHEM,Sudarshan Chemical Industries Limited,EQ,1995-05-25,2,1,INE659A01023,2,1995
SUDEEPPHRM,Sudeep Pharma Limited,EQ,2025-11-28,1,1,INE0QPI01025,1,2025
SUKHJITS,Sukhjit Starch & Chemicals Limited,EQ,2022-11-07,5,1,INE450E01029,5,2022
SULA,Sula Vineyards Limited,EQ,2022-12-22,2,1,INE142Q01026,2,2022
SUMEDHA,Sumedha Fiscal Services Limited,EQ,2026-08-17,10,1,INE886B01012,10,2026
SUMEETINDS,Sumeet Industries Limited,EQ,2010-12-10,2,1,INE235C01036,2,2010
SUMICHEM,Sumitomo Chemical India Limited,EQ,2020-01-27,10,1,INE258G01013,10,2020
SUMIT,Sumit Woods Limited,EQ,2019-07-30,10,1,INE748Z01013,10,2019
SUMMITSEC,Summit Securities Limited,EQ,2011-01-28,10,1,INE519C01017,10,2011
SUNCLAY,Sundaram Clayton Limited,EQ,2023-12-29,5,1,INE0Q3R01026,5,2023
SUNDARAM,Sundaram Multi Pap Limited,EQ,2010-06-02,1,1,INE108E01023,1,2010
SUNDARMFIN,Sundaram Finance Limited,EQ,1998-01-07,10,1,INE660A01013,10,1998
SUNDRMBRAK,Sundaram Brake Linings Limited,EQ,1996-07-17,10,1,INE073D01013,10,1996
SUNDRMFAST,Sundram Fasteners Limited,EQ,2000-06-07,1,1,INE387A01021,1,2000
SUNDROP,Sundrop Brands Limited,EQ,2002-12-06,10,1,INE209A01019,10,2002
SUNFLAG,Sunflag Iron And Steel Company Limited,EQ,2005-09-29,10,1,INE947A01014,10,2005
SUNLOC,Sunil Healthcare Limited,EQ,2026-08-17,10,1,INE671C01016,10,2026
SUNPHARMA,Sun Pharmaceutical Industries Limited,EQ,1995-02-08,1,1,INE044A01036,1,1995
SUNRAKSHAK,Sunrakshakk Industries India Limited,EQ,2026-08-17,2,1,INE671K01027,2,2026
SUNSHIEL,Sunshield Chemicals Limited,EQ,2026-08-17,10,1,INE199E01014,10,2026
SUNSHINE,Sunshine Pictures Limited,EQ,2026-08-25,10,1,INE1B3O01011,10,2026
SUNTECK,Sunteck Realty Limited,EQ,2009-11-13,1,1,INE805D01034,1,2009
SUNTV,Sun TV Network Limited,EQ,2006-04-24,5,1,INE424H01027,5,2006
SUPERHOUSE,Superhouse Limited,EQ,2014-09-26,10,1,INE712B01010,10,2014
SUPERSPIN,Super Spinning Mills Limited,BE,2004-07-08,1,1,INE662A01027,1,2004
SUPRAJIT,Suprajit Engineering Limited,EQ,2005-02-18,1,1,INE399C01030,1,2005
SUPREME,Supreme Holdings & Hospitality (India) Limited,EQ,2025-02-03,10,1,INE822E01011,10,2025
SUPREMEENG,Supreme Engineering Limited,BZ,2020-12-04,1,1,INE319Z01021,1,2020
SUPREMEIND,Supreme Industries Limited,EQ,1995-07-19,2,1,INE195A01028,2,1995
SUPREMEINF,Supreme Infrastructure India Limited,EQ,2007-10-18,10,1,INE550H01011,10,2007
SUPRIYA,Supriya Lifescience Limited,EQ,2021-12-28,2,1,INE07RO01027,2,2021
SUPTANERY,Super Tannery Limited,BE,2026-08-17,1,1,INE460D01038,1,2026
SURAJEST,Suraj Estate Developers Limited,EQ,2023-12-26,5,1,INE843S01025,5,2023
SURAJLTD,Suraj Limited,EQ,2024-08-29,10,1,INE713C01016,10,2024
SURAKSHA,Suraksha Diagnostic Limited,EQ,2024-12-06,2,1,INE877V01027,2,2024
SURANASOL,Surana Solar Limited,EQ,2011-01-07,5,1,INE272L01022,5,2011
SURANAT&P,Surana Telecom and Power Limited,EQ,2002-05-22,1,1,INE130B01031,1,2002
SURYALA,Suryalata Spinning Mills Limited,EQ,2026-04-20,10,1,INE132C01027,10,2026
SURYALAXMI,Suryalakshmi Cotton Mills Limited,EQ,2005-06-15,10,1,INE713B01026,10,2005
SURYAROSNI,Surya Roshni Limited,EQ,1995-05-10,5,1,INE335A01020,5,1995
SURYODAY,Suryoday Small Finance Bank Limited,EQ,2021-03-26,10,1,INE428Q01011,10,2021
SUTLEJTEX,Sutlej Textiles and Industries Limited,BE,2006-12-14,1,1,INE645H01027,1,2006
SUVEN,Suven Life Sciences Limited,EQ,2003-10-23,1,1,INE495B01038,1,2003
SUVIDHAA,Suvidhaa Infoserve Limited,EQ,2021-03-31,1,1,INE018401013,1,2021
SUYOG,Suyog Telematics Limited,EQ,2024-08-20,10,1,INE442P01014,10,2024
SUZLON,Suzlon Energy Limited,EQ,2005-10-19,2,1,INE040H01021,2,2005
SVGLOBAL,S V Global Mill Limited,EQ,2026-08-17,5,1,INE159L01013,5,2026
SVLL,Shree Vasu Logistics Limited,EQ,2023-04-21,10,1,INE00CE01017,10,2023
SVPGLOB,SVP GLOBAL TEXTILES LIMITED,EQ,2021-07-14,1,1,INE308E01029,1,2021
SWANCORP,SWAN CORP LIMITED,EQ,2012-05-29,1,1,INE665A01038,1,2012
SWANDEF,Swan Defence and Heavy Industries Limited,BE,2025-01-20,10,1,INE542F01020,10,2025
SWARAJ,Swaraj Suiting Limited,BE,2026-08-13,10,1,INE0GMR01016,10,2026
SWARAJENG,Swaraj Engines Limited,EQ,1995-12-06,10,1,INE277A01016,10,1995
SWARNSAR,Swarnsarita Jewels India Limited,EQ,2026-08-17,10,1,INE967A01012,10,2026
SWASTIKAIN,Swastika Infra Limited,BE,2026-09-30,10,1,INE1QJA01015,10,2026
SWELECTES,Swelect Energy Systems Limited,EQ,2006-05-09,10,1,INE409B01013,10,2006
SWIGGY,Swiggy Limited,EQ,2024-11-13,1,1,INE00H001014,1,2024
SWISSMLTRY,Swiss Military Consumer Goods Limited,BE,2026-08-17,2,1,INE010C01025,2,2026
SWSOLAR,Sterling and Wilson Renewable Energy Limited,EQ,2019-08-20,1,1,INE00M201021,1,2019
SYMBIOTEC,Symbiotec Pharmalab Limited,EQ,2026-09-01,2,1,INE899I01028,2,2026
SYMPHONY,Symphony Limited,EQ,2011-06-15,2,1,INE225D01027,2,2011
SYNCOMF,Syncom Formulations (India) Limited,EQ,2022-11-18,1,1,INE312C01025,1,2022
SYNGENE,Syngene International Limited,EQ,2015-08-11,10,1,INE398R01022,10,2015
SYRMA,Syrma SGS Technology Limited,EQ,2022-08-26,10,1,INE0DYJ01015,10,2022
SYSTMTXC,Systematix Corporate Services Limited,BE,2025-10-06,1,1,INE356B01024,1,2025
TAALTECH,Taal Tech Limited,EQ,2026-04-20,2,1,INE524T01029,2,2026
TAINWALCHM,Tainwala Chemical and Plastic (I) Limited,EQ,1995-07-27,10,1,INE123C01018,10,1995
TAJGVK,Taj GVK Hotels & Resorts Limited,EQ,2000-12-20,2,1,INE586B01026,2,2000
TAKE,TAKE Limited,EQ,2007-08-27,1,1,INE142I01023,1,2007
TALBROAUTO,Talbros Automotive Components Limited,EQ,2006-09-29,2,1,INE187D01029,2,2006
TAMBOLIIN,Tamboli Industries Limited,BE,2026-04-20,10,1,INE864J01012,10,2026
TANAA,Taneja Aerospace & Aviation Limited,EQ,2026-08-17,5,1,INE692C01020,5,2026
TANLA,Tanla Platforms Limited,EQ,2007-01-05,1,1,INE483C01032,1,2007
TARACHAND,Tara Chand InfraLogistic Solutions Limited,EQ,2024-04-16,2,1,INE555Z01020,2,2024
TARAPUR,Tarapur Transformers Limited,EQ,2010-05-18,10,1,INE747K01017,10,2010
TARC,TARC Limited,EQ,2020-12-18,2,1,INE0EK901012,2,2020
TARIL,Transformers And Rectifiers (India) Limited,EQ,2007-12-28,1,1,INE763I01026,1,2007
TARMAT,Tarmat Limited,EQ,2007-07-09,10,1,INE924H01018,10,2007
TARSONS,Tarsons Products Limited,EQ,2021-11-26,2,1,INE144Z01023,2,2021
TASTYBITE,Tasty Bite Eatables Limited,EQ,2017-03-23,10,1,INE488B01017,10,2017
TATACAP,Tata Capital Limited,EQ,2025-10-13,10,1,INE976I01016,10,2025
TATACHEM,Tata Chemicals Limited,EQ,1999-04-01,10,1,INE092A01019,10,1999
TATACOMM,Tata Communications Limited,EQ,1995-04-12,10,1,INE151A01013,10,1995
TATACONSUM,TATA CONSUMER PRODUCTS LIMITED,EQ,1998-11-18,1,1,INE192A01025,1,1998
TATAELXSI,Tata Elxsi Limited,EQ,2003-09-17,10,1,INE670A01012,10,2003
TATAINVEST,Tata Investment Corporation Limited,EQ,1998-06-24,1,1,INE672A01026,1,1998
TATAPOWER,Tata Power Company Limited,EQ,1996-04-03,1,1,INE245A01021,1,1996
TATASTEEL,Tata Steel Limited,EQ,1998-11-18,1,1,INE081A01020,1,1998
TATATECH,Tata Technologies Limited,EQ,2023-11-30,2,1,INE142M01025,2,2023
TATVA,Tatva Chintan Pharma Chem Limited,EQ,2021-07-29,10,1,INE0GK401011,10,2021
TBOTEK,TBO Tek Limited,EQ,2024-05-15,1,1,INE673O01025,1,2024
TBZ,Tribhovandas Bhimji Zaveri Limited,BE,2012-05-09,10,1,INE760L01018,10,2012
TCC,TCC Concept Limited,EQ,2026-02-25,2,1,INE887D01024,2,2026
TCI,Transport Corporation of India Limited,EQ,2002-01-21,2,1,INE688A01022,2,2002
TCIEXP,TCI Express Limited,EQ,2016-12-15,2,1,INE586V01016,2,2016
TCIFINANCE,TCI Finance Limited,EQ,1997-05-21,10,1,INE911B01018,10,1997
TCPLPACK,TCPL Packaging Limited,EQ,2017-10-17,10,1,INE822C01015,10,2017
TCS,Tata Consultancy Services Limited,EQ,2004-08-25,1,1,INE467B01029,1,2004
TDPOWERSYS,TD Power Systems Limited,EQ,2011-09-08,1,1,INE419M01035,1,2011
TEAMGTY,Team India Guaranty Limited,EQ,2002-06-11,10,1,INE289C01025,10,2002
TEAMLEASE,Teamlease Services Limited,EQ,2016-02-12,10,1,INE985S01024,10,2016
TECHM,Tech Mahindra Limited,EQ,2006-08-28,5,1,INE669C01036,5,2006
TECHNOCRAF,Technocraft Ventures Limited,EQ,2026-08-14,10,1,INE1D0W01018,10,2026
TECHNOE,Techno Electric & Engineering Company Limited,EQ,2018-12-04,2,1,INE285K01026,2,2018
TECHNVISN,TechNVision Ventures Limited,EQ,2026-04-20,10,1,INE314H01012,10,2026
TECILCHEM,TECIL Chemicals and Hydro Power Limited,EQ,1995-12-06,10,50,INE014B01011,10,1995
TEGA,Tega Industries Limited,EQ,2021-12-13,10,1,INE011K01018,10,2021
TEJASNET,Tejas Networks Limited,EQ,2017-06-27,10,1,INE010J01012,10,2017
TEMBO,Tembo Global Industries Limited,EQ,2021-04-23,1,1,INE869Y01028,1,2021
TEMPSENS,Tempsens Instruments (India) Limited,EQ,2026-08-28,4,1,INE1KZI01025,4,2026
TENNIND,Tenneco Clean Air India Limited,EQ,2025-11-19,10,1,INE19RI01016,10,2025
TERAI,Terai Tea Company Limited,EQ,2026-08-17,10,1,INE390D01011,10,2026
TERASOFT,Tera Software Limited,EQ,2016-12-29,10,1,INE482B01010,10,2016
TEXINFRA,Texmaco Infrastructure & Holdings Limited,EQ,2004-09-09,1,1,INE435C01024,1,2004
TEXMOPIPES,Texmo Pipes and Products Limited,EQ,2010-03-10,10,1,INE141K01013,10,2010
TEXRAIL,Texmaco Rail & Engineering Limited,EQ,2011-03-03,1,1,INE621L01012,1,2011
TFCILTD,Tourism Finance Corporation of India Limited,EQ,2000-07-26,2,1,INE305A01023,2,2000
TFL,Transwarranty Finance Limited,EQ,2007-02-26,10,1,INE804H01012,10,2007
TGBHOTELS,TGB Banquets And Hotels Limited,EQ,2007-05-17,10,1,INE797H01018,10,2007
TGVSL,TGV Sraac Limited,EQ,2026-08-17,10,1,INE284B01028,10,2026
THACKER,Thacker & Company Limited,EQ,2026-04-20,1,1,INE077P01034,1,2026
THAKDEV,Thakkers Developers Limited,EQ,2026-04-20,10,1,INE403F01017,10,2026
THANGAMAYL,Thangamayil Jewellery Limited,EQ,2010-02-19,10,1,INE085J01014,10,2010
THEINVEST,The Investment Trust Of India Limited,EQ,2017-08-02,10,1,INE924D01017,10,2017
THEJO,Thejo Engineering Limited,EQ,2023-10-10,10,1,INE121N01019,10,2023
THELEELA,Leela Palaces Hotels & Resorts Limited,EQ,2025-06-02,10,1,INE0AQ201015,10,2025
THEMISMED,Themis Medicare Limited,EQ,2007-04-02,1,1,INE083B01024,1,2007
THERMAX,Thermax Limited,EQ,1995-08-30,2,1,INE152A01029,2,1995
THOMASCOOK,Thomas Cook  (India)  Limited,EQ,2000-06-07,1,1,INE332A01027,1,2000
THOMASCOTT,Thomas Scott (India) Limited,EQ,2012-01-30,10,1,INE480M01011,10,2012
THYROCARE,Thyrocare Technologies Limited,EQ,2016-05-09,10,1,INE594H01019,10,2016
TI,Tilaknagar Industries Limited,EQ,2010-07-16,10,1,INE133E01013,10,2010
TICL,Twamev Construction and Infrastructure Limited,BE,2023-10-16,1,1,INE388G01026,1,2023
TIGERLOGS,Tiger Logistics (India) Limited,EQ,2025-09-18,1,1,INE906O01029,1,2025
TIIL,Technocraft Industries (India) Limited,EQ,2007-02-12,10,1,INE545H01011,10,2007
TIINDIA,Tube Investments of India Limited,EQ,2017-11-02,1,1,INE974X01010,1,2017
TIJARIA,Tijaria Polypipes Limited,BE,2011-10-14,10,1,INE440L01017,10,2011
TIL,TIL Limited,BE,1995-09-27,10,1,INE806C01018,10,1995
TIMETECHNO,Time Technoplast Limited,EQ,2007-06-13,1,1,INE508G01029,1,2007
TIMEX,Timex Group India Limited,EQ,2026-04-20,1,1,INE064A01026,1,2026
TIMKEN,Timken India Limited,EQ,2007-02-06,10,1,INE325A01013,10,2007
TINNARUBR,Tinna Rubber and Infrastructure Limited,EQ,2025-04-17,10,1,INE015C01016,10,2025
TIPSFILMS,Tips Films Limited,EQ,2022-10-06,10,1,INE0LQS01015,10,2022
TIPSMUSIC,Tips Music Limited,EQ,2000-11-10,1,1,INE716B01029,1,2000
TIRUMALCHM,Thirumalai Chemicals Limited,EQ,2003-05-14,1,1,INE338A01024,1,2003
TIRUPATIFL,Tirupati Forge Limited,BE,2020-08-04,2,1,INE319Y01024,2,2020
TITAGARH,TITAGARH RAIL SYSTEMS LIMITED,EQ,2008-04-21,2,1,INE615H01020,2,2008
TITAN,Titan Company Limited,EQ,2004-09-24,1,1,INE280A01028,1,2004
TMB,Tamilnad Mercantile Bank Limited,EQ,2022-09-15,10,1,INE668A01016,10,2022
TMCV,Tata Motors Limited,EQ,2025-11-12,2,1,INE1TAE01010,2,2025
TMPV,Tata Motors Passenger Vehicles Limited,EQ,1998-07-22,2,1,INE155A01022,2,1998
TNPETRO,Tamilnadu PetroProducts Limited,EQ,1999-10-27,10,1,INE148A01019,10,1999
TNPL,Tamil Nadu Newsprint & Papers Limited,EQ,1996-02-14,10,1,INE107A01015,10,1996
TNTELE,Tamilnadu Telecommunication Limited,EQ,2003-02-04,10,1,INE141D01018,10,2003
TOKYOPLAST,Tokyo Plast International Limited,EQ,1995-10-11,10,1,INE932C01012,10,1995
TOLINS,Tolins Tyres Limited,EQ,2024-09-16,5,1,INE0RWQ01014,5,2024
TORNTPHARM,Torrent Pharmaceuticals Limited,EQ,2002-11-25,5,1,INE685A01028,5,2002
TORNTPOWER,Torrent Power Limited,EQ,2006-11-28,10,1,INE813H01021,10,2006
TOTAL,Total Transport Systems Limited,BE,2020-08-28,10,1,INE336X01012,10,2020
TOUCHWOOD,Touchwood Entertainment Limited,EQ,2020-01-21,10,1,INE486Y01013,10,2020
TOYAMSL,Toyam Sports Limited,EQ,2026-08-17,1,1,INE457P01020,1,2026
TPHQ,Teamo Productions HQ Limited,BE,2009-01-30,1,1,INE065J01024,1,2009
TPLPLASTEH,TPL Plastech Limited,EQ,2015-05-20,2,1,INE413G01022,2,2015
TRACXN,Tracxn Technologies Limited,EQ,2022-10-20,1,1,INE0HMF01019,1,2022
TRANSCOR,Transcorp International Limited,EQ,2026-08-17,2,1,INE330E01023,2,2026
TRANSPEK,Transpek Industry Limited,BE,2026-04-20,10,1,INE687A01016,10,2026
TRANSRAILL,Transrail Lighting Limited,EQ,2024-12-27,2,1,INE454P01035,2,2024
TRANSWORLD,TRANSWORLD SHIPPING LINES LIMITED,BE,1995-03-01,10,1,INE757B01015,10,1995
TRAVELFOOD,Travel Food Services Limited,EQ,2025-07-14,1,1,INE103V01028,1,2025
TREEHOUSE,Tree House Education & Accessories Limited,EQ,2011-08-26,10,1,INE040M01013,10,2011
TREJHARA,TREJHARA SOLUTIONS LIMITED,EQ,2018-12-28,10,1,INE00CA01015,10,2018
TREL,Transindia Real Estate Limited,EQ,2023-08-10,2,1,INE0O3901029,2,2023
TRENT,Trent Limited,EQ,2004-06-07,1,1,INE849A01020,1,2004
TRF,TRF Limited,EQ,2010-03-26,10,1,INE391D01019,10,2010
TRIDENT,Trident Limited,EQ,2001-02-21,1,1,INE064C01022,1,2001
TRIGYN,Trigyn Technologies Limited,EQ,1998-04-09,10,1,INE948A01012,10,1998
TRITONV,Triton Valves Limited,EQ,2026-08-17,10,1,INE440G01017,10,2026
TRITURBINE,Triveni Turbine Limited,EQ,2011-10-28,1,1,INE152M01016,1,2011
TRIVENI,Triveni Engineering & Industries Limited,EQ,2005-12-13,1,1,INE256C01024,1,2005
TRU,TruCap Finance Limited,EQ,2023-06-20,2,1,INE615R01029,2,2023
TRUALT,TruAlt Bioenergy Limited,EQ,2025-10-03,10,1,INE0MWH01014,10,2025
TSFINV,TSF INVESTMENTS LIMITED,EQ,2018-03-26,5,1,INE202Z01029,5,2018
TTKHLTCARE,TTK Healthcare Limited,EQ,2015-12-02,10,1,INE910C01018,10,2015
TTKPRESTIG,TTK Prestige Limited,EQ,1999-12-22,1,1,INE690A01028,1,1999
TTL,T T Limited,EQ,2007-02-22,1,1,INE592B01024,1,2007
TTML,Tata Teleservices (Maharashtra) Limited,EQ,2000-10-20,10,1,INE517B01013,10,2000
TURTLEMINT,Turtlemint Fintech Solutions Limited,EQ,2026-06-29,1,1,INE0OC301013,1,2026
TUTIALKA,Tuticorin Alkali Chemicals & Fertilizers Limited,EQ,2026-08-17,10,1,INE400A01014,10,2026
TVSELECT,TVS Electronics Limited,EQ,2003-12-26,10,1,INE236G01019,10,2003
TVSHLTD,TVS Holdings Limited,EQ,2012-10-23,5,1,INE105A01035,5,2012
TVSMOTOR,TVS Motor Company Limited,EQ,2000-08-02,1,1,INE494B01023,1,2000
TVSSCS,TVS Supply Chain Solutions Limited,EQ,2023-08-23,1,1,INE395N01027,1,2023
TVSSRICHAK,TVS Srichakra Limited,EQ,2007-02-13,10,1,INE421C01016,10,2007
TVTODAY,TV Today Network Limited,EQ,2004-01-16,5,1,INE038F01029,5,2004
TVVISION,TV Vision Limited,BE,2016-09-15,10,1,INE871L01013,10,2016
UBL,United Breweries Limited,EQ,2008-07-28,1,1,INE686F01025,1,2008
UCAL,UCAL LIMITED,BE,1995-09-13,10,1,INE139B01016,10,1995
UCOBANK,UCO Bank,EQ,2003-10-09,10,1,INE691A01018,10,2003
UDAYJEW,Uday Jewellery Industries Limited,EQ,2026-09-25,10,1,INE551B01012,10,2026
UDS,Updater Services Limited,EQ,2023-10-04,10,1,INE851I01011,10,2023
UEL,Ujaas Energy Limited,EQ,2024-04-16,1,1,INE899L01030,1,2024
UFBL,United Foodbrands Limited,BE,2021-04-07,5,1,INE382M01027,5,2021
UFLEX,UFLEX Limited,EQ,1995-08-23,10,1,INE516A01017,10,1995
UFO,UFO Moviez India Limited,EQ,2015-05-14,10,1,INE527H01019,10,2015
UGARSUGAR,The Ugar Sugar Works Limited,BE,2010-08-23,1,1,INE071E01023,1,2010
UGROCAP,Ugro Capital Limited,EQ,2021-08-11,10,1,INE583D01011,10,2021
UJJIVANSFB,Ujjivan Small Finance Bank Limited,EQ,2019-12-12,10,1,INE551W01018,10,2019
ULTRACEMCO,UltraTech Cement Limited,EQ,2004-08-24,10,1,INE481G01011,10,2004
ULTRAMAR,Ultramarine & Pigments Limited,EQ,2026-04-20,2,1,INE405A01021,2,2026
UMAEXPORTS,Uma Exports Limited,BE,2022-04-07,10,1,INE0GIU01018,10,2022
UMESLTD,Usha Martin Education & Solutions Limited,EQ,2010-07-12,1,1,INE240C01028,1,2010
UMIYA-MRO,UMIYA BUILDCON LIMITED,EQ,2000-11-01,5,1,INE398B01018,5,2000
UNICHEMLAB,Unichem Laboratories Limited,EQ,2001-02-07,2,1,INE351A01035,2,2001
UNIDT,United Drilling Tools Limited,EQ,2020-09-25,10,1,INE961D01019,10,2020
UNIECOM,Unicommerce Esolutions Limited,EQ,2024-08-13,1,1,INE00U401027,1,2024
UNIENTER,Uniphos Enterprises Limited,EQ,2004-01-23,2,1,INE037A01022,2,2004
UNIINFO,Uniinfo Telecom Services Limited,EQ,2022-01-12,10,1,INE481Z01011,10,2022
UNIMECH,Unimech Aerospace and Manufacturing Limited,EQ,2024-12-31,5,1,INE0U3I01011,5,2024
UNIONBANK,Union Bank of India,EQ,2002-09-24,10,1,INE692A01016,10,2002
UNIPARTS,Uniparts India Limited,EQ,2022-12-12,10,1,INE244O01017,10,2022
UNITDSPR,United Spirits Limited,EQ,2001-09-27,2,1,INE854D01024,2,2001
UNITECH,Unitech Limited,EQ,1999-09-08,2,1,INE694A01020,2,1999
UNITEDPOLY,United Polyfab Gujarat Limited,EQ,2021-12-31,1,1,INE368U01029,1,2021
UNITEDTEA,The United Nilgiri Tea Estates Company Limited,EQ,2015-01-28,10,1,INE458F01011,10,2015
UNIVASTU,Univastu India Limited,BE,2020-06-22,10,1,INE562X01013,10,2020
UNIVCABLES,Universal Cables Limited,EQ,1995-05-17,10,1,INE279A01012,10,1995
UNIVPHOTO,Universus Photo Imagings Limited,BE,2020-02-14,10,1,INE03V001013,10,2020
UNOMINDA,UNO Minda Limited,EQ,2007-02-02,2,1,INE405E01023,2,2007
UPHOT,U P Hotels Limited,EQ,2026-08-17,10,1,INE726E01014,10,2026
UPL,UPL Limited,EQ,2004-01-23,2,1,INE628A01036,2,2004
URAVIDEF,Uravi Defence and Technology Limited,BE,2023-07-05,10,1,INE568Z01015,10,2023
URBANCO,Urban Company Limited,EQ,2025-09-17,1,1,INE0CAZ01013,1,2025
URJA,Urja Global Limited,EQ,2017-03-28,1,1,INE550C01020,1,2017
USHAMART,Usha Martin Limited,EQ,2000-10-11,1,1,INE228A01035,1,2000
USK,Udayshivakumar Infra Limited,EQ,2023-04-03,10,1,INE0N0Y01013,10,2023
UTIAMC,UTI Asset Management Company Limited,EQ,2020-10-12,10,1,INE094J01016,10,2020
UTKARSHBNK,Utkarsh Small Finance Bank Limited,EQ,2023-07-21,10,1,INE735W01017,10,2023
UTLSOLAR,Fujiyama Power Systems Limited,EQ,2025-11-20,1,1,INE12UR01024,1,2025
UTTAMSUGAR,Uttam Sugar Mills Limited,EQ,2006-04-10,10,1,INE786F01031,10,2006
UYFINCORP,U. Y. Fincorp Limited,BE,2024-10-03,5,1,INE152C01025,5,2024
V2RETAIL,V2 Retail Limited,EQ,2007-07-04,1,1,INE945H01021,1,2007
VADILALIND,Vadilal Industries Limited,EQ,2011-06-15,10,1,INE694D01016,10,2011
VADILENT,Vadilal Enterprises Limited,EQ,2026-08-17,10,1,INE693D01018,10,2026
VAIBHAVGBL,Vaibhav Global Limited,EQ,2004-04-05,2,1,INE884A01027,2,2004
VAISHALI,Vaishali Pharma Limited,EQ,2020-01-15,2,1,INE972X01022,2,2020
VAKRANGEE,Vakrangee Limited,EQ,2006-04-03,1,1,INE051B01021,1,2006
VALIANTLAB,Valiant Laboratories Limited,BE,2023-10-06,10,1,INE0JWS01017,10,2023
VALIANTORG,Valiant Organics Limited,EQ,2021-07-23,10,1,INE565V01010,10,2021
VAML,Vedanta Aluminium Metal Limited,EQ,2026-06-15,1,1,INE1CDF01017,1,2026
VARDHACRLC,Vardhman Acrylics Limited,BE,2003-09-30,10,1,INE116G01013,10,2003
VARDMNPOLY,Vardhman Polytex Limited,EQ,2003-05-12,1,1,INE835A01029,1,2003
VARMORA,Varmora Granito Limited,EQ,2026-09-29,2,1,INE0M5301040,2,2026
VARROC,Varroc Engineering Limited,EQ,2018-07-06,1,1,INE665L01035,1,2018
VASCONEQ,Vascon Engineers Limited,EQ,2010-02-15,10,1,INE893I01013,10,2010
VASUPRADA,Shri Vasuprada Plantations Limited,EQ,2026-08-17,10,1,INE574G01013,10,2026
VASWANI,Vaswani Industries Limited,EQ,2011-09-20,10,1,INE590L01019,10,2011
VBL,Varun Beverages Limited,EQ,2016-11-08,2,1,INE200M01039,2,2016
VCL,Vaxtex Cotfab Limited,BE,2022-04-19,1,1,INE098201036,1,2022
VEDAVAAG,VEDAVAAG Systems Limited,EQ,2026-08-17,10,1,INE359B01010,10,2026
VEDL,Vedanta Limited,EQ,1998-05-13,1,1,INE205A01025,1,1998
VEDPOWER,Vedanta Power Limited,EQ,2026-06-15,10,1,INE694L01019,10,2026
VEEDOL,Veedol Corporation Limited,EQ,2007-01-16,2,1,INE484C01030,2,2007
VEEGALAND,Veegaland Developers Limited,BE,2026-09-18,10,1,INE1JTV01015,10,2026
VELJAN,Veljan Denison Limited,BE,2026-04-20,10,1,INE232E01013,10,2026
VENKEYS,Venky's (India) Limited,EQ,2003-07-28,10,1,INE398A01010,10,2003
VENTIVE,Ventive Hospitality Limited,EQ,2024-12-30,1,1,INE781S01027,1,2024
VENUSPIPES,Venus Pipes & Tubes Limited,EQ,2022-05-24,10,1,INE0JA001018,10,2022
VENUSREM,Venus Remedies Limited,EQ,2006-12-20,10,1,INE411B01019,10,2006
VERANDA,Veranda Learning Solutions Limited,EQ,2022-04-11,10,1,INE0IQ001011,10,2022
VERTOZ,Vertoz Limited,EQ,2020-05-14,10,1,INE188Y01031,10,2020
VESUVIUS,Vesuvius India Limited,EQ,2002-10-04,1,1,INE386A01023,1,2002
VETO,Veto Switchgears And Cables Limited,EQ,2015-04-29,10,1,INE918N01018,10,2015
VGCL,Vibrant Global Capital Limited,EQ,2026-08-17,10,1,INE761Q01015,10,2026
VGL,VARVEE GLOBAL LIMITED,EQ,2006-11-21,5,1,INE273D01027,5,2006
VGUARD,V-Guard Industries Limited,EQ,2008-03-13,1,1,INE951I01027,1,2008
VHL,Vardhman Holdings Limited,EQ,2005-06-30,10,1,INE701A01023,10,2005
VHLTD,Viceroy Hotels Limited,BE,2024-04-03,10,1,INE048C01025,10,2024
VIDHIING,Vidhi Specialty Food Ingredients Limited,EQ,2016-03-02,1,1,INE632C01026,1,2016
VIDYAWIRES,Vidya Wires Limited,EQ,2025-12-10,1,1,INE14UN01029,1,2025
VIJAYA,Vijaya Diagnostic Centre Limited,EQ,2021-09-14,1,1,INE043W01024,1,2021
VIJIFIN,Viji Finance Limited,BE,2016-07-11,1,1,INE159N01027,1,2016
VIJSOLX,Vijay Solvex Limited,EQ,2026-08-17,10,1,INE362D01010,10,2026
VIKASECO,Vikas EcoTech Limited,EQ,2011-12-12,1,1,INE806A01020,1,2011
VIKASLIFE,Vikas Lifecare Limited,EQ,2019-05-08,1,1,INE161L01027,1,2019
VIKRAMSOLR,Vikram Solar Limited,EQ,2025-08-26,10,1,INE078V01014,10,2025
VIKRAN,Vikran Engineering Limited,EQ,2025-09-03,1,1,INE01R501028,1,2025
VIMTALABS,Vimta Labs Limited,EQ,2005-12-15,2,1,INE579C01029,2,2005
VINATIORGA,Vinati Organics Limited,EQ,2009-07-28,1,1,INE410B01037,1,2009
VINCOFE,Vintage Coffee And Beverages Limited,EQ,2024-10-18,10,1,INE498Q01014,10,2024
VINDHYATEL,Vindhya Telelinks Limited,EQ,1995-02-08,10,1,INE707A01012,10,1995
VINEETLAB,Vineet Laboratories Limited,EQ,2021-06-15,10,1,INE505Y01010,10,2021
VINNY,Vinny Overseas Limited,EQ,2022-11-28,1,1,INE01KI01027,1,2022
VINYLINDIA,Vinyl Chemicals (India) Limited,EQ,2008-07-21,1,1,INE250B01029,1,2008
VIPCLOTHNG,VIP Clothing Limited,EQ,2007-08-06,2,1,INE450G01024,2,2007
VIPIND,VIP Industries Limited,EQ,2005-03-02,2,1,INE054A01027,2,2005
VIPULLTD,Vipul Limited,BE,2015-04-23,1,1,INE946H01037,1,2015
VIRAT,Virat Industries Limited,EQ,2026-08-17,10,1,INE467D01017,10,2026
VIRINCHI,Virinchi Limited,EQ,2023-05-03,10,1,INE539B01017,10,2023
VIRTUALG,Virtual Global Education Limited,BE,2026-08-17,1,1,INE247C01023,1,2026
VISACHROME,VISA Chrome Limited,EQ,2006-03-17,10,1,INE286H01012,10,2006
VISAKAIND,Visaka Industries Limited,BE,1996-08-28,2,1,INE392A01021,2,1996
VISHAL,Vishal Fabrics Limited,EQ,2026-08-17,5,1,INE755Q01025,5,2026
VISHNU,Vishnu Chemicals Limited,EQ,2015-03-05,2,1,INE270I01022,2,2015
VISHWARAJ,Vishwaraj Sugar Industries Limited,EQ,2019-10-15,2,1,INE430N01022,2,2019
VISL,Vedanta Iron and Steel Limited,EQ,2026-06-15,1,1,INE1CLE01013,1,2026
VITAL,Vital Chemtech Limited,EQ,2026-03-11,10,1,INE0L4K01016,10,2026
VIVIANA,Viviana Power Tech Limited,EQ,2026-06-02,10,1,INE0MEG01014,10,2026
VIVIDHA,Visagar Polytex Limited,EQ,2013-05-21,1,1,INE370E01029,1,2013
VIVIMEDLAB,Vivimed Labs Limited,BE,2005-08-17,2,1,INE526G01021,2,2005
VIVOBIOT,Vivo Bio Tech Limited,EQ,2026-08-17,10,1,INE380K01017,10,2026
VIYASH,Viyash Scientific Limited,EQ,2016-03-10,2,1,INE807F01027,2,2016
VLEGOV,VL E-Governance & IT Solutions Limited,EQ,2023-08-14,10,1,INE03HW01020,10,2023
VLSFINANCE,VLS Finance Limited,EQ,1995-05-25,10,1,INE709A01018,10,1995
VMART,V-Mart Retail Limited,EQ,2013-02-20,10,1,INE665J01013,10,2013
VMM,Vishal Mega Mart Limited,EQ,2024-12-18,10,1,INE01EA01019,10,2024
VMSTMT,VMS TMT Limited,EQ,2025-09-24,10,1,INE0SJA01013,10,2025
VOEPL,Virtuoso Optoelectronics Limited,EQ,2026-07-01,10,1,INE0I0T01010,10,2026
VOGL,Vedanta Oil and Gas Limited,EQ,2026-06-15,1,1,INE704J01044,1,2026
VOITHPAPR,Voith Paper Fabrics India Limited,EQ,2026-08-17,10,1,INE285C01015,10,2026
VOLTAMP,Voltamp Transformers Limited,EQ,2006-09-20,10,1,INE540H01012,10,2006
VOLTAS,Voltas Limited,EQ,1995-04-12,1,1,INE226A01021,1,1995
VPRPL,Vishnu Prakash R Punglia Limited,EQ,2023-09-05,10,1,INE0AE001013,10,2023
VRAJ,Vraj Iron and Steel Limited,EQ,2024-07-03,10,1,INE0S2V01010,10,2024
VRLLOG,VRL Logistics Limited,EQ,2015-04-30,10,1,INE366I01010,10,2015
VSSL,Vardhman Special Steels Limited,EQ,2012-05-17,10,1,INE050M01012,10,2012
VSTIND,VST Industries Limited,EQ,2003-09-05,10,1,INE710A01016,10,2003
VSTL,Vibhor Steel Tubes Limited,EQ,2024-02-20,10,1,INE0QTF01015,10,2024
VSTTILLERS,V.S.T Tillers Tractors Limited,EQ,2011-06-20,10,1,INE764D01017,10,2011
VTL,Vardhman Textiles Limited,EQ,2003-01-14,2,1,INE825A01020,2,2003
VTMLTD,VTM Limited,EQ,2026-09-23,1,1,INE222F01029,1,2026
WAAREEENER,Waaree Energies Limited,EQ,2024-10-28,10,1,INE377N01017,10,2024
WAAREEINDO,Indosolar Limited,EQ,2010-09-29,10,1,INE866K01023,10,2010
WAAREERTL,Waaree Renewable Technologies Limited,EQ,2025-04-09,2,1,INE299N01021,2,2025
WABAG,VA Tech Wabag Limited,EQ,2010-10-13,2,1,INE956G01038,2,2010
WAKEFIT,Wakefit Innovations Limited,EQ,2025-12-15,1,1,INE0E7301029,1,2025
WALCHANNAG,Walchandnagar Industries Limited,EQ,1996-09-18,2,1,INE711A01022,2,1996
WANBURY,Wanbury Limited,EQ,2007-01-29,10,1,INE107F01022,10,2007
WARDINMOBI,Wardwizard Innovations & Mobility Limited,EQ,2026-08-17,1,1,INE945P01024,1,2026
WATERBASE,Waterbase Limited,EQ,2026-08-17,10,1,INE054C01015,10,2026
WCIL,Western Carriers (India) Limited,EQ,2024-09-24,5,1,INE0CJF01024,5,2024
WEALTH,Wealth First Portfolio Managers Limited,EQ,2021-01-20,10,1,INE658T01017,10,2021
WEBELSOLAR,Websol Energy System Limited,EQ,2007-05-15,1,1,INE855C01023,1,2007
WEIZMANIND,Weizmann Limited,EQ,1995-05-10,10,1,INE080A01014,10,1995
WEL,Wonder Electricals Limited,EQ,2022-01-17,1,1,INE02WG01024,1,2022
WELCORP,Welspun Corp Limited,EQ,2005-05-24,5,1,INE191B01025,5,2005
WELENT,Welspun Enterprises Limited,EQ,2004-11-04,10,1,INE625G01013,10,2004
WELINV,Welspun Investments and Commercials Limited,BE,2010-09-20,10,1,INE389K01018,10,2010
WELSPLSOL,Welspun Specialty Solutions Limited,EQ,2026-04-20,6,1,INE731F01037,6,2026
WELSPUNLIV,Welspun Living Limited,EQ,2003-12-04,1,1,INE192B01031,1,2003
WENDT,Wendt (India) Limited,EQ,2006-08-07,10,1,INE274C01019,10,2006
WESTLIFE,WESTLIFE FOODWORLD LIMITED,EQ,2023-06-05,2,1,INE274F01020,2,2023
WEWIN,WE WIN LIMITED,EQ,2022-06-15,10,1,INE082W01014,10,2022
WEWORK,WeWork India Management Limited,EQ,2025-10-10,10,1,INE085001019,10,2025
WHBRADY,WH Brady & Company Limited,EQ,2026-08-17,10,1,INE855A01019,10,2026
WHEELS,Wheels India Limited,EQ,2000-04-07,10,1,INE715A01015,10,2000
WHIRLPOOL,Whirlpool of India Limited,EQ,2010-04-06,10,1,INE716A01013,10,2010
WILLAMAGOR,Williamson Magor & Company Limited,EQ,1995-02-08,10,1,INE210A01017,10,1995
WINDLAS,Windlas Biotech Limited,EQ,2021-08-16,5,1,INE0H5O01029,5,2021
WINDMACHIN,Windsor Machines Limited,EQ,2011-08-17,2,1,INE052A01021,2,2011
WIPL,The Western India Plywoods Limited,EQ,2017-04-17,10,1,INE215F01023,10,2017
WIPRO,Wipro Limited,EQ,1995-11-08,2,1,INE075A01022,2,1995
WOCKPHARMA,Wockhardt Limited,EQ,2000-02-23,5,1,INE049B01025,5,2000
WONDERLA,Wonderla Holidays Limited,EQ,2014-05-09,10,1,INE066O01014,10,2014
WORTHPERI,Worth Peripherals Limited,EQ,2020-08-04,10,1,INE196Y01018,10,2020
WPIL,WPIL Limited,EQ,2026-04-20,1,1,INE765D01022,1,2026
WSI,W S Industries (I) Limited,EQ,2007-08-01,10,1,INE100D01014,10,2007
WSTCSTPAPR,West Coast Paper Mills Limited,EQ,2001-01-17,2,1,INE976A01021,2,2001
XCHANGING,Xchanging Solutions Limited,EQ,2005-03-09,10,1,INE692G01013,10,2005
XELPMOC,Xelpmoc Design And Tech Limited,EQ,2019-02-04,10,1,INE01P501012,10,2019
XPROINDIA,Xpro India Limited,EQ,2004-04-27,10,1,INE445C01015,10,2004
XTGLOBAL,Xtglobal Infotech Limited,EQ,2024-09-16,1,1,INE547B01028,1,2024
XTRANET,Xtranet Technologies Limited,EQ,2026-07-30,10,1,INE0NG701011,10,2026
YASHO,Yasho Industries Limited,EQ,2023-08-21,10,1,INE616Z01012,10,2023
YATHARTH,Yatharth Hospital & Trauma Care Services Limited,EQ,2023-08-07,10,1,INE0JO301016,10,2023
YATRA,Yatra Online Limited,EQ,2023-09-28,1,1,INE0JR601024,1,2023
YESBANK,Yes Bank Limited,EQ,2005-07-12,2,1,INE528G01035,2,2005
YOGI,Yogi Limited,EQ,2026-08-17,10,1,INE290E01011,10,2026
YUKEN,Yuken India Limited,EQ,2021-09-02,10,1,INE384C01016,10,2021
ZAGGLE,Zaggle Prepaid Ocean Services Limited,EQ,2023-09-22,1,1,INE07K301024,1,2023
ZEEL,Zee Entertainment Enterprises Limited,EQ,1998-09-09,1,1,INE256A01028,1,1998
ZEELEARN,Zee Learn Limited,EQ,2010-12-20,1,1,INE565L01011,1,2010
ZEEMEDIA,Zee Media Corporation Limited,EQ,2007-01-10,1,1,INE966H01019,1,2007
ZENITHEXPO,Zenith Exports Limited,EQ,1996-07-10,10,1,INE058B01018,10,1996
ZENITHSTL,Zenith Steel Pipes & Industries Limited,EQ,2007-04-30,10,1,INE318D01020,10,2007
ZENSARTECH,Zensar Technologies Limited,EQ,2003-07-09,2,1,INE520A01027,2,2003
ZENTEC,Zen Technologies Limited,EQ,2015-03-30,1,1,INE251B01027,1,2015
ZFCVINDIA,ZF Commercial Vehicle Control Systems India Limited,EQ,2008-10-01,5,1,INE342J01019,5,2008
ZFSTEERING,ZF Steering Gear (India) Limited,EQ,2026-04-20,10,1,INE116C01012,10,2026
ZIMLAB,Zim Laboratories Limited,EQ,2022-11-25,10,1,INE518E01015,10,2022
ZODIAC,Zodiac Energy Limited,EQ,2021-12-14,10,1,INE761Y01019,10,2021
ZODIACLOTH,Zodiac Clothing Company Limited,EQ,1995-09-27,10,1,INE206B01013,10,1995
ZOTA,Zota Health Care LImited,EQ,2019-08-19,10,1,INE358U01012,10,2019
ZSARACOM,Saraswati Commercial India Limited,EQ,2026-04-20,10,1,INE967G01019,10,2026
ZUARI,Zuari Agro Chemicals Limited,EQ,2012-11-27,10,1,INE840M01016,10,2012
ZUARIIND,ZUARI INDUSTRIES LIMITED,EQ,1995-04-12,10,1,INE217A01012,10,1995
ZYDUSLIFE,Zydus Lifesciences Limited,EQ,2000-04-18,1,1,INE010B01027,1,2000
ZYDUSWELL,Zydus Wellness Limited,EQ,2009-11-13,2,1,INE768C01028,2,2009
